table_name,ordinal_position,column_name,data_type,udt_name,is_nullable,column_default,max_len
access_profile_assignments,1,id,uuid,uuid,NO,gen_random_uuid(),""
access_profile_assignments,2,profile_id,uuid,uuid,NO,"",""
access_profile_assignments,3,user_id,uuid,uuid,NO,"",""
access_profile_assignments,4,assigned_by,uuid,uuid,YES,"",""
access_profile_assignments,5,created_at,timestamp with time zone,timestamptz,NO,now(),""
access_profile_menu_rights,1,id,uuid,uuid,NO,gen_random_uuid(),""
access_profile_menu_rights,2,profile_id,uuid,uuid,NO,"",""
access_profile_menu_rights,3,menu_key,text,text,NO,"",""
access_profile_menu_rights,4,can_view,boolean,bool,NO,false,""
access_profile_menu_rights,5,can_add,boolean,bool,NO,false,""
access_profile_menu_rights,6,can_update,boolean,bool,NO,false,""
access_profile_menu_rights,7,can_delete,boolean,bool,NO,false,""
access_profile_org_scope,1,id,uuid,uuid,NO,gen_random_uuid(),""
access_profile_org_scope,2,profile_id,uuid,uuid,NO,"",""
access_profile_org_scope,3,company_id,uuid,uuid,YES,"",""
access_profile_org_scope,4,division_id,uuid,uuid,YES,"",""
access_profile_org_scope,5,business_unit_id,uuid,uuid,YES,"",""
access_profile_org_scope,6,department_id,uuid,uuid,YES,"",""
access_profile_org_scope,7,designation,text,text,YES,"",""
access_profile_org_scope,8,pms_grade,text,text,YES,"",""
access_profile_org_scope,9,level,text,text,YES,"",""
access_profile_org_scope,10,location,text,text,YES,"",""
access_profiles,1,id,uuid,uuid,NO,gen_random_uuid(),""
access_profiles,2,name,text,text,NO,"",""
access_profiles,3,description,text,text,YES,"",""
access_profiles,4,is_active,boolean,bool,NO,true,""
access_profiles,5,created_by,uuid,uuid,YES,"",""
access_profiles,6,created_at,timestamp with time zone,timestamptz,NO,now(),""
action_registry,1,action_key,text,text,NO,"",""
action_registry,2,module_key,text,text,NO,"",""
action_registry,3,label,text,text,NO,"",""
action_registry,4,description,text,text,YES,"",""
action_registry,5,risk_level,text,text,NO,'low'::text,""
action_registry,6,is_system,boolean,bool,NO,false,""
action_registry,7,client_id,uuid,uuid,YES,"",""
action_registry,8,created_at,timestamp with time zone,timestamptz,NO,now(),""
action_registry,9,updated_at,timestamp with time zone,timestamptz,NO,now(),""
admin_feature_flags,1,key,text,text,NO,"",""
admin_feature_flags,2,value,jsonb,jsonb,NO,'false'::jsonb,""
admin_feature_flags,3,description,text,text,YES,"",""
admin_feature_flags,4,updated_by,uuid,uuid,YES,"",""
admin_feature_flags,5,updated_at,timestamp with time zone,timestamptz,NO,now(),""
admin_feature_flags,6,created_at,timestamp with time zone,timestamptz,NO,now(),""
admin_feature_flags,7,target_roles,ARRAY,_app_role,NO,'{}'::app_role[],""
admin_feature_flags,8,target_user_ids,ARRAY,_uuid,NO,'{}'::uuid[],""
ai_feature_registry,1,feature_key,text,text,NO,"",""
ai_feature_registry,2,module_key,text,text,NO,"",""
ai_feature_registry,3,label,text,text,NO,"",""
ai_feature_registry,4,client_id,uuid,uuid,YES,"",""
ai_feature_registry,5,created_at,timestamp with time zone,timestamptz,NO,now(),""
annual_review_access_audit,1,id,bigint,int8,NO,nextval('annual_review_access_audit_id_seq'::regclass),""
annual_review_access_audit,2,actor_id,uuid,uuid,YES,"",""
annual_review_access_audit,3,target_user_id,uuid,uuid,YES,"",""
annual_review_access_audit,4,action,text,text,NO,"",""
annual_review_access_audit,5,before,jsonb,jsonb,YES,"",""
annual_review_access_audit,6,after,jsonb,jsonb,YES,"",""
annual_review_access_audit,7,reason,text,text,YES,"",""
annual_review_access_audit,8,created_at,timestamp with time zone,timestamptz,NO,now(),""
annual_review_assignment_overrides,1,id,uuid,uuid,NO,gen_random_uuid(),""
annual_review_assignment_overrides,2,instance_id,uuid,uuid,NO,"",""
annual_review_assignment_overrides,3,role,text,text,NO,"",""
annual_review_assignment_overrides,4,new_reviewer_id,uuid,uuid,NO,"",""
annual_review_assignment_overrides,5,reason,text,text,NO,"",""
annual_review_assignment_overrides,6,created_by,uuid,uuid,YES,"",""
annual_review_assignment_overrides,7,created_at,timestamp with time zone,timestamptz,NO,now(),""
annual_review_assignment_rules,1,id,uuid,uuid,NO,gen_random_uuid(),""
annual_review_assignment_rules,2,template_id,uuid,uuid,NO,"",""
annual_review_assignment_rules,3,cycle_id,uuid,uuid,NO,"",""
annual_review_assignment_rules,4,name,text,text,YES,"",""
annual_review_assignment_rules,5,priority,integer,int4,NO,10,""
annual_review_assignment_rules,6,filters,jsonb,jsonb,NO,"'{""roles"": [], ""bu_ids"": [], ""grades"": [], ""levels"": [], ""department_ids"": []}'::jsonb",""
annual_review_assignment_rules,7,is_active,boolean,bool,NO,true,""
annual_review_assignment_rules,8,created_by,uuid,uuid,YES,"",""
annual_review_assignment_rules,9,created_at,timestamp with time zone,timestamptz,NO,now(),""
annual_review_assignment_rules,10,updated_at,timestamp with time zone,timestamptz,NO,now(),""
annual_review_assignment_rules,11,archetype_code,text,text,YES,"",""
annual_review_assignment_rules,12,grade_bucket,text,text,YES,"",""
annual_review_assignment_rules,13,requires_kra_in_ay,boolean,bool,NO,false,""
annual_review_assignment_rules,14,min_kra_months_in_ay,integer,int4,NO,1,""
annual_review_bu_draft_finalise_2026_07,1,id,uuid,uuid,NO,gen_random_uuid(),""
annual_review_bu_draft_finalise_2026_07,2,instance_id,uuid,uuid,NO,"",""
annual_review_bu_draft_finalise_2026_07,3,employee_code,text,text,YES,"",""
annual_review_bu_draft_finalise_2026_07,4,employee_name,text,text,YES,"",""
annual_review_bu_draft_finalise_2026_07,5,response_id,uuid,uuid,YES,"",""
annual_review_bu_draft_finalise_2026_07,6,reviewer_role,text,text,YES,"",""
annual_review_bu_draft_finalise_2026_07,7,prior_status,text,text,YES,"",""
annual_review_bu_draft_finalise_2026_07,8,prior_is_locked,boolean,bool,YES,"",""
annual_review_bu_draft_finalise_2026_07,9,prior_submitted_at,timestamp with time zone,timestamptz,YES,"",""
annual_review_bu_draft_finalise_2026_07,10,prior_total_score,numeric,numeric,YES,"",""
annual_review_bu_draft_finalise_2026_07,11,prior_criteria_weighted_score,numeric,numeric,YES,"",""
annual_review_bu_draft_finalise_2026_07,12,prior_final_rating,text,text,YES,"",""
annual_review_bu_draft_finalise_2026_07,13,prior_finalized_at,timestamp with time zone,timestamptz,YES,"",""
annual_review_bu_draft_finalise_2026_07,14,criteria_scores,jsonb,jsonb,YES,"",""
annual_review_bu_draft_finalise_2026_07,15,response_weighted_score,numeric,numeric,YES,"",""
annual_review_bu_draft_finalise_2026_07,16,new_status,text,text,YES,"",""
annual_review_bu_draft_finalise_2026_07,17,new_total_score,numeric,numeric,YES,"",""
annual_review_bu_draft_finalise_2026_07,18,new_criteria_weighted_score,numeric,numeric,YES,"",""
annual_review_bu_draft_finalise_2026_07,19,new_final_rating,text,text,YES,"",""
annual_review_bu_draft_finalise_2026_07,20,reason,text,text,NO,"",""
annual_review_bu_draft_finalise_2026_07,21,performed_by,uuid,uuid,YES,"",""
annual_review_bu_draft_finalise_2026_07,22,applied_at,timestamp with time zone,timestamptz,NO,now(),""
annual_review_bu_head_terminal_audit_2026_07,1,id,uuid,uuid,NO,gen_random_uuid(),""
annual_review_bu_head_terminal_audit_2026_07,2,instance_id,uuid,uuid,NO,"",""
annual_review_bu_head_terminal_audit_2026_07,3,cycle_id,uuid,uuid,YES,"",""
annual_review_bu_head_terminal_audit_2026_07,4,employee_id,uuid,uuid,YES,"",""
annual_review_bu_head_terminal_audit_2026_07,5,old_enabled_stages,jsonb,jsonb,YES,"",""
annual_review_bu_head_terminal_audit_2026_07,6,new_enabled_stages,jsonb,jsonb,YES,"",""
annual_review_bu_head_terminal_audit_2026_07,7,old_dept_head_id,uuid,uuid,YES,"",""
annual_review_bu_head_terminal_audit_2026_07,8,old_overall_status,text,text,YES,"",""
annual_review_bu_head_terminal_audit_2026_07,9,new_overall_status,text,text,YES,"",""
annual_review_bu_head_terminal_audit_2026_07,10,reason,text,text,NO,"",""
annual_review_bu_head_terminal_audit_2026_07,11,source,text,text,YES,"",""
annual_review_bu_head_terminal_audit_2026_07,12,performed_by,uuid,uuid,YES,"",""
annual_review_bu_head_terminal_audit_2026_07,13,created_at,timestamp with time zone,timestamptz,NO,now(),""
annual_review_bu_removal_repair_2026_07,1,id,bigint,int8,NO,nextval('annual_review_bu_removal_repair_2026_07_id_seq'::regclass),""
annual_review_bu_removal_repair_2026_07,2,instance_id,uuid,uuid,NO,"",""
annual_review_bu_removal_repair_2026_07,3,employee_id,uuid,uuid,NO,"",""
annual_review_bu_removal_repair_2026_07,4,before_status,text,text,YES,"",""
annual_review_bu_removal_repair_2026_07,5,before_stages,jsonb,jsonb,YES,"",""
annual_review_bu_removal_repair_2026_07,6,before_total_score,numeric,numeric,YES,"",""
annual_review_bu_removal_repair_2026_07,7,before_final_rating,text,text,YES,"",""
annual_review_bu_removal_repair_2026_07,8,after_status,text,text,YES,"",""
annual_review_bu_removal_repair_2026_07,9,after_total_score,numeric,numeric,YES,"",""
annual_review_bu_removal_repair_2026_07,10,after_criteria_weighted_score,numeric,numeric,YES,"",""
annual_review_bu_removal_repair_2026_07,11,after_final_rating,text,text,YES,"",""
annual_review_bu_removal_repair_2026_07,12,reason,text,text,NO,"",""
annual_review_bu_removal_repair_2026_07,13,performed_by,uuid,uuid,YES,"",""
annual_review_bu_removal_repair_2026_07,14,created_at,timestamp with time zone,timestamptz,NO,now(),""
annual_review_criteria_assignments,1,id,uuid,uuid,NO,gen_random_uuid(),""
annual_review_criteria_assignments,2,criterion_id,uuid,uuid,NO,"",""
annual_review_criteria_assignments,3,archetype_code,text,text,YES,"",""
annual_review_criteria_assignments,4,grade_bucket,text,text,YES,"",""
annual_review_criteria_assignments,5,department_id,uuid,uuid,YES,"",""
annual_review_criteria_assignments,6,sub_unit_id,uuid,uuid,YES,"",""
annual_review_criteria_assignments,7,weight_pct,numeric,numeric,NO,0,""
annual_review_criteria_assignments,8,is_enabled,boolean,bool,NO,true,""
annual_review_criteria_assignments,9,created_at,timestamp with time zone,timestamptz,NO,now(),""
annual_review_criteria_assignments,10,updated_at,timestamp with time zone,timestamptz,NO,now(),""
annual_review_criteria_assignments,11,grade_code,text,text,YES,"",""
annual_review_criteria_library,1,id,uuid,uuid,NO,gen_random_uuid(),""
annual_review_criteria_library,2,key,text,text,NO,"",""
annual_review_criteria_library,3,label_en,text,text,NO,"",""
annual_review_criteria_library,4,label_hi,text,text,YES,"",""
annual_review_criteria_library,5,max_score,numeric,numeric,NO,5,""
annual_review_criteria_library,6,scoring_bands,jsonb,jsonb,NO,'[]'::jsonb,""
annual_review_criteria_library,7,is_common,boolean,bool,NO,false,""
annual_review_criteria_library,8,is_active,boolean,bool,NO,true,""
annual_review_criteria_library,9,sort_order,integer,int4,NO,0,""
annual_review_criteria_library,10,created_at,timestamp with time zone,timestamptz,NO,now(),""
annual_review_criteria_library,11,updated_at,timestamp with time zone,timestamptz,NO,now(),""
annual_review_cycles,1,id,uuid,uuid,NO,gen_random_uuid(),""
annual_review_cycles,2,name,text,text,NO,"",""
annual_review_cycles,3,review_year,integer,int4,NO,"",""
annual_review_cycles,4,description,text,text,YES,"",""
annual_review_cycles,5,status,text,text,NO,'draft'::text,""
annual_review_cycles,6,self_review_start,date,date,YES,"",""
annual_review_cycles,7,self_review_end,date,date,YES,"",""
annual_review_cycles,8,manager_review_start,date,date,YES,"",""
annual_review_cycles,9,manager_review_end,date,date,YES,"",""
annual_review_cycles,10,skip_review_start,date,date,YES,"",""
annual_review_cycles,11,skip_review_end,date,date,YES,"",""
annual_review_cycles,12,bu_review_start,date,date,YES,"",""
annual_review_cycles,13,bu_review_end,date,date,YES,"",""
annual_review_cycles,14,hr_finalization_deadline,date,date,YES,"",""
annual_review_cycles,15,created_by,uuid,uuid,YES,"",""
annual_review_cycles,16,created_at,timestamp with time zone,timestamptz,NO,now(),""
annual_review_cycles,17,updated_at,timestamp with time zone,timestamptz,NO,now(),""
annual_review_cycles,18,reopened_at,timestamp with time zone,timestamptz,YES,"",""
annual_review_cycles,19,reopened_by,uuid,uuid,YES,"",""
annual_review_cycles,20,reopened_reason,text,text,YES,"",""
annual_review_cycles,21,default_enabled_stages,jsonb,jsonb,NO,"'[""self"", ""manager"", ""skip_manager"", ""dept_head"", ""bu_head"", ""hr""]'::jsonb",""
annual_review_cycles,22,dept_review_start,timestamp with time zone,timestamptz,YES,"",""
annual_review_cycles,23,dept_review_end,timestamp with time zone,timestamptz,YES,"",""
annual_review_directory_overrides,1,user_id,uuid,uuid,NO,"",""
annual_review_directory_overrides,2,override_type,text,text,NO,"",""
annual_review_directory_overrides,3,business_unit_ids,ARRAY,_uuid,NO,ARRAY[]::uuid[],""
annual_review_directory_overrides,4,can_assist,boolean,bool,NO,true,""
annual_review_directory_overrides,5,reason,text,text,NO,"",""
annual_review_directory_overrides,6,created_by,uuid,uuid,YES,"",""
annual_review_directory_overrides,7,created_at,timestamp with time zone,timestamptz,NO,now(),""
annual_review_directory_overrides,8,updated_at,timestamp with time zone,timestamptz,NO,now(),""
annual_review_downstream_rewind_repair_2026_07,1,id,uuid,uuid,NO,gen_random_uuid(),""
annual_review_downstream_rewind_repair_2026_07,2,instance_id,uuid,uuid,NO,"",""
annual_review_downstream_rewind_repair_2026_07,3,employee_code,text,text,YES,"",""
annual_review_downstream_rewind_repair_2026_07,4,prev_overall_status,text,text,YES,"",""
annual_review_downstream_rewind_repair_2026_07,5,new_overall_status,text,text,YES,"",""
annual_review_downstream_rewind_repair_2026_07,6,prev_total_score,numeric,numeric,YES,"",""
annual_review_downstream_rewind_repair_2026_07,7,prev_criteria_weighted_score,numeric,numeric,YES,"",""
annual_review_downstream_rewind_repair_2026_07,8,prev_final_rating,text,text,YES,"",""
annual_review_downstream_rewind_repair_2026_07,9,new_total_score,numeric,numeric,YES,"",""
annual_review_downstream_rewind_repair_2026_07,10,new_criteria_weighted_score,numeric,numeric,YES,"",""
annual_review_downstream_rewind_repair_2026_07,11,new_final_rating,text,text,YES,"",""
annual_review_downstream_rewind_repair_2026_07,12,relocked_roles,ARRAY,_text,YES,"",""
annual_review_downstream_rewind_repair_2026_07,13,reason,text,text,YES,"",""
annual_review_downstream_rewind_repair_2026_07,14,repaired_by,uuid,uuid,YES,"",""
annual_review_downstream_rewind_repair_2026_07,15,repaired_at,timestamp with time zone,timestamptz,NO,now(),""
annual_review_empty_stage_repair_2026_07,1,id,uuid,uuid,NO,gen_random_uuid(),""
annual_review_empty_stage_repair_2026_07,2,instance_id,uuid,uuid,NO,"",""
annual_review_empty_stage_repair_2026_07,3,response_id,uuid,uuid,NO,"",""
annual_review_empty_stage_repair_2026_07,4,employee_code,text,text,YES,"",""
annual_review_empty_stage_repair_2026_07,5,reviewer_role,USER-DEFINED,annual_reviewer_role,NO,"",""
annual_review_empty_stage_repair_2026_07,6,reviewer_id,uuid,uuid,YES,"",""
annual_review_empty_stage_repair_2026_07,7,prev_overall_status,USER-DEFINED,annual_review_status,YES,"",""
annual_review_empty_stage_repair_2026_07,8,new_overall_status,USER-DEFINED,annual_review_status,YES,"",""
annual_review_empty_stage_repair_2026_07,9,prev_total_score,numeric,numeric,YES,"",""
annual_review_empty_stage_repair_2026_07,10,prev_final_rating,text,text,YES,"",""
annual_review_empty_stage_repair_2026_07,11,prev_criteria_weighted_score,numeric,numeric,YES,"",""
annual_review_empty_stage_repair_2026_07,12,prev_submitted_at,timestamp with time zone,timestamptz,YES,"",""
annual_review_empty_stage_repair_2026_07,13,preserved_qualitative,jsonb,jsonb,NO,'{}'::jsonb,""
annual_review_empty_stage_repair_2026_07,14,repaired_at,timestamp with time zone,timestamptz,NO,now(),""
annual_review_final_backfill_audit_2026_07,1,id,uuid,uuid,NO,gen_random_uuid(),""
annual_review_final_backfill_audit_2026_07,2,instance_id,uuid,uuid,NO,"",""
annual_review_final_backfill_audit_2026_07,3,old_criteria_weighted_score,numeric,numeric,YES,"",""
annual_review_final_backfill_audit_2026_07,4,old_total_score,numeric,numeric,YES,"",""
annual_review_final_backfill_audit_2026_07,5,old_final_rating,text,text,YES,"",""
annual_review_final_backfill_audit_2026_07,6,new_criteria_weighted_score,numeric,numeric,YES,"",""
annual_review_final_backfill_audit_2026_07,7,new_total_score,numeric,numeric,YES,"",""
annual_review_final_backfill_audit_2026_07,8,new_final_rating,text,text,YES,"",""
annual_review_final_backfill_audit_2026_07,9,source,text,text,NO,'adr124_backfill'::text,""
annual_review_final_backfill_audit_2026_07,10,created_at,timestamp with time zone,timestamptz,NO,now(),""
annual_review_final_score_repair_2026_07,1,id,uuid,uuid,NO,gen_random_uuid(),""
annual_review_final_score_repair_2026_07,2,instance_id,uuid,uuid,NO,"",""
annual_review_final_score_repair_2026_07,3,employee_id,uuid,uuid,YES,"",""
annual_review_final_score_repair_2026_07,4,employee_code,text,text,YES,"",""
annual_review_final_score_repair_2026_07,5,employee_name,text,text,YES,"",""
annual_review_final_score_repair_2026_07,6,template_id,uuid,uuid,YES,"",""
annual_review_final_score_repair_2026_07,7,old_criteria_weighted_score,numeric,numeric,YES,"",""
annual_review_final_score_repair_2026_07,8,new_criteria_weighted_score,numeric,numeric,YES,"",""
annual_review_final_score_repair_2026_07,9,old_total_score,numeric,numeric,YES,"",""
annual_review_final_score_repair_2026_07,10,new_total_score,numeric,numeric,YES,"",""
annual_review_final_score_repair_2026_07,11,old_final_rating,text,text,YES,"",""
annual_review_final_score_repair_2026_07,12,new_final_rating,text,text,YES,"",""
annual_review_final_score_repair_2026_07,13,reason,text,text,NO,"",""
annual_review_final_score_repair_2026_07,14,performed_by,uuid,uuid,YES,"",""
annual_review_final_score_repair_2026_07,15,created_at,timestamp with time zone,timestamptz,NO,now(),""
annual_review_head_remap_audit_2026_07,1,id,uuid,uuid,NO,gen_random_uuid(),""
annual_review_head_remap_audit_2026_07,2,instance_id,uuid,uuid,NO,"",""
annual_review_head_remap_audit_2026_07,3,employee_code,text,text,YES,"",""
annual_review_head_remap_audit_2026_07,4,employee_name,text,text,YES,"",""
annual_review_head_remap_audit_2026_07,5,old_dept_head_id,uuid,uuid,YES,"",""
annual_review_head_remap_audit_2026_07,6,new_dept_head_id,uuid,uuid,YES,"",""
annual_review_head_remap_audit_2026_07,7,old_bu_head_id,uuid,uuid,YES,"",""
annual_review_head_remap_audit_2026_07,8,new_bu_head_id,uuid,uuid,YES,"",""
annual_review_head_remap_audit_2026_07,9,old_overall_status,text,text,YES,"",""
annual_review_head_remap_audit_2026_07,10,new_overall_status,text,text,YES,"",""
annual_review_head_remap_audit_2026_07,11,old_enabled_stages,jsonb,jsonb,YES,"",""
annual_review_head_remap_audit_2026_07,12,new_enabled_stages,jsonb,jsonb,YES,"",""
annual_review_head_remap_audit_2026_07,13,classification,text,text,NO,"",""
annual_review_head_remap_audit_2026_07,14,reason,text,text,YES,"",""
annual_review_head_remap_audit_2026_07,15,corrected_by,uuid,uuid,YES,"",""
annual_review_head_remap_audit_2026_07,16,corrected_at,timestamp with time zone,timestamptz,NO,now(),""
annual_review_instances,1,id,uuid,uuid,NO,gen_random_uuid(),""
annual_review_instances,2,employee_id,uuid,uuid,NO,"",""
annual_review_instances,3,template_id,uuid,uuid,NO,"",""
annual_review_instances,4,cycle_id,uuid,uuid,NO,"",""
annual_review_instances,5,assigned_rule_id,uuid,uuid,YES,"",""
annual_review_instances,6,overall_status,USER-DEFINED,annual_review_status,NO,'pending_self'::annual_review_status,""
annual_review_instances,7,manager_id,uuid,uuid,YES,"",""
annual_review_instances,8,skip_id,uuid,uuid,YES,"",""
annual_review_instances,9,bu_head_id,uuid,uuid,YES,"",""
annual_review_instances,10,hr_id,uuid,uuid,YES,"",""
annual_review_instances,11,system_scores,jsonb,jsonb,NO,'{}'::jsonb,""
annual_review_instances,12,eligibility_inputs,jsonb,jsonb,NO,'{}'::jsonb,""
annual_review_instances,13,criteria_weighted_score,numeric,numeric,YES,"",""
annual_review_instances,14,total_score,numeric,numeric,YES,"",""
annual_review_instances,15,final_rating,text,text,YES,"",""
annual_review_instances,16,hr_remarks,text,text,YES,"",""
annual_review_instances,17,language_pref,text,text,NO,'en'::text,""
annual_review_instances,18,finalized_at,timestamp with time zone,timestamptz,YES,"",""
annual_review_instances,19,finalized_by,uuid,uuid,YES,"",""
annual_review_instances,20,created_at,timestamp with time zone,timestamptz,NO,now(),""
annual_review_instances,21,updated_at,timestamp with time zone,timestamptz,NO,now(),""
annual_review_instances,22,acknowledged_at,timestamp with time zone,timestamptz,YES,"",""
annual_review_instances,23,acknowledged_by,uuid,uuid,YES,"",""
annual_review_instances,24,employee_rebuttal,text,text,YES,"",""
annual_review_instances,25,template_override_id,uuid,uuid,YES,"",""
annual_review_instances,26,enabled_stages,jsonb,jsonb,NO,"'[""self"", ""manager"", ""skip_manager"", ""dept_head"", ""bu_head"", ""hr""]'::jsonb",""
annual_review_instances,27,carry_score_snapshots,jsonb,jsonb,NO,'{}'::jsonb,""
annual_review_instances,28,stage_weights_override,jsonb,jsonb,YES,"",""
annual_review_instances,29,submitted_via_proxy,boolean,bool,NO,false,""
annual_review_instances,30,proxy_submission_id,uuid,uuid,YES,"",""
annual_review_instances,31,dept_head_id,uuid,uuid,YES,"",""
annual_review_instances,32,eligibility_remark,text,text,YES,"",""
annual_review_instances,33,system_scores_raw,jsonb,jsonb,NO,'{}'::jsonb,""
annual_review_instances,34,excluded_at,timestamp with time zone,timestamptz,YES,"",""
annual_review_instances,35,excluded_by,uuid,uuid,YES,"",""
annual_review_instances,36,excluded_reason,text,text,YES,"",""
annual_review_instances,37,management_id,uuid,uuid,YES,"",""
annual_review_instances,38,has_admin_workflow_override,boolean,bool,NO,false,""
annual_review_kra_rehydrate_items,1,id,uuid,uuid,NO,gen_random_uuid(),""
annual_review_kra_rehydrate_items,2,run_id,uuid,uuid,NO,"",""
annual_review_kra_rehydrate_items,3,instance_id,uuid,uuid,NO,"",""
annual_review_kra_rehydrate_items,4,employee_id,uuid,uuid,NO,"",""
annual_review_kra_rehydrate_items,5,template_id,uuid,uuid,YES,"",""
annual_review_kra_rehydrate_items,6,old_system_scores,jsonb,jsonb,NO,'{}'::jsonb,""
annual_review_kra_rehydrate_items,7,old_system_scores_raw,jsonb,jsonb,NO,'{}'::jsonb,""
annual_review_kra_rehydrate_items,8,old_total_score,numeric,numeric,YES,"",""
annual_review_kra_rehydrate_items,9,old_final_rating,text,text,YES,"",""
annual_review_kra_rehydrate_items,10,new_system_scores,jsonb,jsonb,NO,'{}'::jsonb,""
annual_review_kra_rehydrate_items,11,new_total_score,numeric,numeric,YES,"",""
annual_review_kra_rehydrate_items,12,new_final_rating,text,text,YES,"",""
annual_review_kra_rehydrate_items,13,delta_total,numeric,numeric,YES,"",""
annual_review_kra_rehydrate_items,14,band_changed,boolean,bool,NO,false,""
annual_review_kra_rehydrate_items,15,applied,boolean,bool,NO,false,""
annual_review_kra_rehydrate_items,16,note,text,text,YES,"",""
annual_review_kra_rehydrate_items,17,created_at,timestamp with time zone,timestamptz,NO,now(),""
annual_review_kra_rehydrate_runs,1,id,uuid,uuid,NO,gen_random_uuid(),""
annual_review_kra_rehydrate_runs,2,cycle_id,uuid,uuid,NO,"",""
annual_review_kra_rehydrate_runs,3,initiated_by,uuid,uuid,NO,"",""
annual_review_kra_rehydrate_runs,4,mode,text,text,NO,"",""
annual_review_kra_rehydrate_runs,5,reason,text,text,NO,"",""
annual_review_kra_rehydrate_runs,6,rollback_of_run_id,uuid,uuid,YES,"",""
annual_review_kra_rehydrate_runs,7,instance_ids,ARRAY,_uuid,YES,"",""
annual_review_kra_rehydrate_runs,8,instance_count,integer,int4,NO,0,""
annual_review_kra_rehydrate_runs,9,changed_count,integer,int4,NO,0,""
annual_review_kra_rehydrate_runs,10,status,text,text,NO,'running'::text,""
annual_review_kra_rehydrate_runs,11,error_message,text,text,YES,"",""
annual_review_kra_rehydrate_runs,12,created_at,timestamp with time zone,timestamptz,NO,now(),""
annual_review_kra_rehydrate_runs,13,completed_at,timestamp with time zone,timestamptz,YES,"",""
annual_review_mgmt_scope_backfill_2026_07,1,id,uuid,uuid,NO,gen_random_uuid(),""
annual_review_mgmt_scope_backfill_2026_07,2,instance_id,uuid,uuid,NO,"",""
annual_review_mgmt_scope_backfill_2026_07,3,employee_id,uuid,uuid,NO,"",""
annual_review_mgmt_scope_backfill_2026_07,4,prev_enabled_stages,jsonb,jsonb,NO,"",""
annual_review_mgmt_scope_backfill_2026_07,5,prev_management_id,uuid,uuid,YES,"",""
annual_review_mgmt_scope_backfill_2026_07,6,prev_overall_status,text,text,NO,"",""
annual_review_mgmt_scope_backfill_2026_07,7,created_at,timestamp with time zone,timestamptz,NO,now(),""
annual_review_missing_system_slot_repair_2026_07,1,id,uuid,uuid,NO,gen_random_uuid(),""
annual_review_missing_system_slot_repair_2026_07,2,instance_id,uuid,uuid,NO,"",""
annual_review_missing_system_slot_repair_2026_07,3,employee_code,text,text,YES,"",""
annual_review_missing_system_slot_repair_2026_07,4,employee_name,text,text,YES,"",""
annual_review_missing_system_slot_repair_2026_07,5,slot_key,text,text,NO,"",""
annual_review_missing_system_slot_repair_2026_07,6,slot_name,text,text,YES,"",""
annual_review_missing_system_slot_repair_2026_07,7,applied_points,numeric,numeric,YES,"",""
annual_review_missing_system_slot_repair_2026_07,8,applied_raw,numeric,numeric,YES,"",""
annual_review_missing_system_slot_repair_2026_07,9,prior_system_scores,jsonb,jsonb,YES,"",""
annual_review_missing_system_slot_repair_2026_07,10,prior_system_scores_raw,jsonb,jsonb,YES,"",""
annual_review_missing_system_slot_repair_2026_07,11,prior_total_score,numeric,numeric,YES,"",""
annual_review_missing_system_slot_repair_2026_07,12,prior_final_rating,text,text,YES,"",""
annual_review_missing_system_slot_repair_2026_07,13,prior_criteria_weighted_score,numeric,numeric,YES,"",""
annual_review_missing_system_slot_repair_2026_07,14,new_total_score,numeric,numeric,YES,"",""
annual_review_missing_system_slot_repair_2026_07,15,new_final_rating,text,text,YES,"",""
annual_review_missing_system_slot_repair_2026_07,16,reason,text,text,YES,"",""
annual_review_missing_system_slot_repair_2026_07,17,performed_by,uuid,uuid,YES,"",""
annual_review_missing_system_slot_repair_2026_07,18,applied_at,timestamp with time zone,timestamptz,NO,now(),""
annual_review_orphan_repair_2026_07,1,id,bigint,int8,NO,nextval('annual_review_orphan_repair_2026_07_id_seq'::regclass),""
annual_review_orphan_repair_2026_07,2,instance_id,uuid,uuid,NO,"",""
annual_review_orphan_repair_2026_07,3,employee_id,uuid,uuid,YES,"",""
annual_review_orphan_repair_2026_07,4,stage,text,text,NO,"",""
annual_review_orphan_repair_2026_07,5,orphan_reason,text,text,NO,"",""
annual_review_orphan_repair_2026_07,6,old_reviewer_id,uuid,uuid,YES,"",""
annual_review_orphan_repair_2026_07,7,new_reviewer_id,uuid,uuid,YES,"",""
annual_review_orphan_repair_2026_07,8,old_status,text,text,YES,"",""
annual_review_orphan_repair_2026_07,9,new_status,text,text,YES,"",""
annual_review_orphan_repair_2026_07,10,reason,text,text,YES,"",""
annual_review_orphan_repair_2026_07,11,performed_by,uuid,uuid,YES,"",""
annual_review_orphan_repair_2026_07,12,created_at,timestamp with time zone,timestamptz,NO,now(),""
annual_review_proxy_submissions,1,id,uuid,uuid,NO,gen_random_uuid(),""
annual_review_proxy_submissions,2,instance_id,uuid,uuid,NO,"",""
annual_review_proxy_submissions,3,employee_user_id,uuid,uuid,NO,"",""
annual_review_proxy_submissions,4,proxy_user_id,uuid,uuid,NO,"",""
annual_review_proxy_submissions,5,proxy_role,text,text,NO,"",""
annual_review_proxy_submissions,6,selfie_path,text,text,YES,"",""
annual_review_proxy_submissions,7,captured_at,timestamp with time zone,timestamptz,NO,now(),""
annual_review_proxy_submissions,8,ip,text,text,YES,"",""
annual_review_proxy_submissions,9,user_agent,text,text,YES,"",""
annual_review_proxy_submissions,10,declaration_text,text,text,NO,"",""
annual_review_proxy_submissions,11,created_at,timestamp with time zone,timestamptz,NO,now(),""
annual_review_proxy_submissions,12,photo_upload_path,text,text,YES,"",""
annual_review_rescore_audit_2026_07,1,id,uuid,uuid,NO,gen_random_uuid(),""
annual_review_rescore_audit_2026_07,2,response_id,uuid,uuid,NO,"",""
annual_review_rescore_audit_2026_07,3,instance_id,uuid,uuid,NO,"",""
annual_review_rescore_audit_2026_07,4,reviewer_role,USER-DEFINED,annual_reviewer_role,NO,"",""
annual_review_rescore_audit_2026_07,5,previous_weighted_score,numeric,numeric,YES,"",""
annual_review_rescore_audit_2026_07,6,new_weighted_score,numeric,numeric,YES,"",""
annual_review_rescore_audit_2026_07,7,template_override_id,uuid,uuid,YES,"",""
annual_review_rescore_audit_2026_07,8,template_id,uuid,uuid,YES,"",""
annual_review_rescore_audit_2026_07,9,created_at,timestamp with time zone,timestamptz,NO,now(),""
annual_review_reset_archive,1,id,uuid,uuid,NO,gen_random_uuid(),""
annual_review_reset_archive,2,instance_id,uuid,uuid,NO,"",""
annual_review_reset_archive,3,employee_id,uuid,uuid,NO,"",""
annual_review_reset_archive,4,cycle_id,uuid,uuid,NO,"",""
annual_review_reset_archive,5,prior_template_id,uuid,uuid,YES,"",""
annual_review_reset_archive,6,new_template_id,uuid,uuid,NO,"",""
annual_review_reset_archive,7,prior_status,USER-DEFINED,annual_review_status,NO,"",""
annual_review_reset_archive,8,wiped_responses,jsonb,jsonb,NO,'[]'::jsonb,""
annual_review_reset_archive,9,wiped_proxy_submissions,jsonb,jsonb,NO,'[]'::jsonb,""
annual_review_reset_archive,10,reason,text,text,NO,"",""
annual_review_reset_archive,11,reset_by,uuid,uuid,NO,"",""
annual_review_reset_archive,12,reset_at,timestamp with time zone,timestamptz,NO,now(),""
annual_review_responses,1,id,uuid,uuid,NO,gen_random_uuid(),""
annual_review_responses,2,instance_id,uuid,uuid,NO,"",""
annual_review_responses,3,reviewer_id,uuid,uuid,NO,"",""
annual_review_responses,4,reviewer_role,USER-DEFINED,annual_reviewer_role,NO,"",""
annual_review_responses,5,criteria_scores,jsonb,jsonb,NO,'{}'::jsonb,""
annual_review_responses,6,qualitative_responses,jsonb,jsonb,NO,'{}'::jsonb,""
annual_review_responses,7,evidence,jsonb,jsonb,NO,'[]'::jsonb,""
annual_review_responses,8,weighted_score,numeric,numeric,YES,"",""
annual_review_responses,9,submitted_at,timestamp with time zone,timestamptz,YES,"",""
annual_review_responses,10,is_locked,boolean,bool,NO,false,""
annual_review_responses,11,notes,text,text,YES,"",""
annual_review_responses,12,created_at,timestamp with time zone,timestamptz,NO,now(),""
annual_review_responses,13,updated_at,timestamp with time zone,timestamptz,NO,now(),""
annual_review_reviewer_remap_audit_2026_07,1,id,uuid,uuid,NO,gen_random_uuid(),""
annual_review_reviewer_remap_audit_2026_07,2,instance_id,uuid,uuid,NO,"",""
annual_review_reviewer_remap_audit_2026_07,3,cycle_id,uuid,uuid,YES,"",""
annual_review_reviewer_remap_audit_2026_07,4,employee_code,text,text,YES,"",""
annual_review_reviewer_remap_audit_2026_07,5,employee_name,text,text,YES,"",""
annual_review_reviewer_remap_audit_2026_07,6,slot,text,text,NO,"",""
annual_review_reviewer_remap_audit_2026_07,7,old_user_id,uuid,uuid,YES,"",""
annual_review_reviewer_remap_audit_2026_07,8,new_user_id,uuid,uuid,YES,"",""
annual_review_reviewer_remap_audit_2026_07,9,old_overall_status,text,text,YES,"",""
annual_review_reviewer_remap_audit_2026_07,10,reason,text,text,YES,"",""
annual_review_reviewer_remap_audit_2026_07,11,corrected_by,uuid,uuid,YES,"",""
annual_review_reviewer_remap_audit_2026_07,12,corrected_at,timestamp with time zone,timestamptz,NO,now(),""
annual_review_reviewer_resync_audit,1,id,uuid,uuid,NO,gen_random_uuid(),""
annual_review_reviewer_resync_audit,2,instance_id,uuid,uuid,NO,"",""
annual_review_reviewer_resync_audit,3,cycle_id,uuid,uuid,YES,"",""
annual_review_reviewer_resync_audit,4,employee_id,uuid,uuid,YES,"",""
annual_review_reviewer_resync_audit,5,slot,text,text,NO,"",""
annual_review_reviewer_resync_audit,6,old_user_id,uuid,uuid,YES,"",""
annual_review_reviewer_resync_audit,7,new_user_id,uuid,uuid,YES,"",""
annual_review_reviewer_resync_audit,8,reason,text,text,NO,"",""
annual_review_reviewer_resync_audit,9,source,text,text,YES,"",""
annual_review_reviewer_resync_audit,10,performed_by,uuid,uuid,YES,"",""
annual_review_reviewer_resync_audit,11,created_at,timestamp with time zone,timestamptz,NO,now(),""
annual_review_role_capabilities,1,role_source,text,text,NO,"",""
annual_review_role_capabilities,2,can_search,boolean,bool,NO,true,""
annual_review_role_capabilities,3,can_assist,boolean,bool,NO,false,""
annual_review_role_capabilities,4,assist_scope,text,text,NO,'same_as_search'::text,""
annual_review_role_capabilities,5,updated_by,uuid,uuid,YES,"",""
annual_review_role_capabilities,6,updated_at,timestamp with time zone,timestamptz,NO,now(),""
annual_review_role_capabilities,7,created_at,timestamp with time zone,timestamptz,NO,now(),""
annual_review_self_draft_reassign_audit,1,id,uuid,uuid,NO,gen_random_uuid(),""
annual_review_self_draft_reassign_audit,2,cycle_id,uuid,uuid,YES,"",""
annual_review_self_draft_reassign_audit,3,instance_id,uuid,uuid,NO,"",""
annual_review_self_draft_reassign_audit,4,response_id,uuid,uuid,NO,"",""
annual_review_self_draft_reassign_audit,5,old_reviewer_id,uuid,uuid,YES,"",""
annual_review_self_draft_reassign_audit,6,new_reviewer_id,uuid,uuid,YES,"",""
annual_review_self_draft_reassign_audit,7,reason,text,text,NO,"",""
annual_review_self_draft_reassign_audit,8,created_at,timestamp with time zone,timestamptz,NO,now(),""
annual_review_self_review_bundle_items,1,bundle_id,uuid,uuid,NO,"",""
annual_review_self_review_bundle_items,2,field_id,uuid,uuid,NO,"",""
annual_review_self_review_bundle_items,3,position,integer,int4,NO,0,""
annual_review_self_review_library,1,id,uuid,uuid,NO,gen_random_uuid(),""
annual_review_self_review_library,2,kind,text,text,NO,"",""
annual_review_self_review_library,3,key,text,text,NO,"",""
annual_review_self_review_library,4,category,text,text,NO,'general'::text,""
annual_review_self_review_library,5,label_en,text,text,NO,"",""
annual_review_self_review_library,6,label_hi,text,text,YES,"",""
annual_review_self_review_library,7,placeholder_en,text,text,YES,"",""
annual_review_self_review_library,8,placeholder_hi,text,text,YES,"",""
annual_review_self_review_library,9,required,boolean,bool,NO,false,""
annual_review_self_review_library,10,is_builtin,boolean,bool,NO,false,""
annual_review_self_review_library,11,is_active,boolean,bool,NO,true,""
annual_review_self_review_library,12,sort_order,integer,int4,NO,0,""
annual_review_self_review_library,13,created_by,uuid,uuid,YES,"",""
annual_review_self_review_library,14,created_at,timestamp with time zone,timestamptz,NO,now(),""
annual_review_self_review_library,15,updated_at,timestamp with time zone,timestamptz,NO,now(),""
annual_review_settings,1,id,uuid,uuid,NO,gen_random_uuid(),""
annual_review_settings,2,key,text,text,NO,"",""
annual_review_settings,3,value,jsonb,jsonb,NO,"",""
annual_review_settings,4,updated_by,uuid,uuid,YES,"",""
annual_review_settings,5,created_at,timestamp with time zone,timestamptz,NO,now(),""
annual_review_settings,6,updated_at,timestamp with time zone,timestamptz,NO,now(),""
annual_review_stage_transfer_audit_2026_07,1,id,uuid,uuid,NO,gen_random_uuid(),""
annual_review_stage_transfer_audit_2026_07,2,instance_id,uuid,uuid,NO,"",""
annual_review_stage_transfer_audit_2026_07,3,employee_id,uuid,uuid,NO,"",""
annual_review_stage_transfer_audit_2026_07,4,from_role,text,text,NO,"",""
annual_review_stage_transfer_audit_2026_07,5,to_role,text,text,NO,"",""
annual_review_stage_transfer_audit_2026_07,6,new_reviewer_id,uuid,uuid,YES,"",""
annual_review_stage_transfer_audit_2026_07,7,drop_from_stage,boolean,bool,NO,"",""
annual_review_stage_transfer_audit_2026_07,8,no_op,boolean,bool,NO,false,""
annual_review_stage_transfer_audit_2026_07,9,before_enabled_stages,jsonb,jsonb,YES,"",""
annual_review_stage_transfer_audit_2026_07,10,before_status,text,text,YES,"",""
annual_review_stage_transfer_audit_2026_07,11,before_from_response,jsonb,jsonb,YES,"",""
annual_review_stage_transfer_audit_2026_07,12,before_to_response,jsonb,jsonb,YES,"",""
annual_review_stage_transfer_audit_2026_07,13,before_slot_ids,jsonb,jsonb,YES,"",""
annual_review_stage_transfer_audit_2026_07,14,reason,text,text,NO,"",""
annual_review_stage_transfer_audit_2026_07,15,actor_id,uuid,uuid,YES,"",""
annual_review_stage_transfer_audit_2026_07,16,created_at,timestamp with time zone,timestamptz,NO,now(),""
annual_review_stage_transfer_audit_2026_07,17,reverted_at,timestamp with time zone,timestamptz,YES,"",""
annual_review_stage_transfer_audit_2026_07,18,reverted_by,uuid,uuid,YES,"",""
annual_review_system_kpi_weights,1,id,uuid,uuid,NO,gen_random_uuid(),""
annual_review_system_kpi_weights,2,system_kpi_id,uuid,uuid,NO,"",""
annual_review_system_kpi_weights,3,department_id,uuid,uuid,YES,"",""
annual_review_system_kpi_weights,4,sub_unit_id,uuid,uuid,YES,"",""
annual_review_system_kpi_weights,5,grade_bucket,text,text,YES,"",""
annual_review_system_kpi_weights,6,weight_pct,numeric,numeric,NO,"",""
annual_review_system_kpi_weights,7,created_by,uuid,uuid,YES,"",""
annual_review_system_kpi_weights,8,updated_by,uuid,uuid,YES,"",""
annual_review_system_kpi_weights,9,created_at,timestamp with time zone,timestamptz,NO,now(),""
annual_review_system_kpi_weights,10,updated_at,timestamp with time zone,timestamptz,NO,now(),""
annual_review_system_kpis,1,id,uuid,uuid,NO,gen_random_uuid(),""
annual_review_system_kpis,2,key,text,text,NO,"",""
annual_review_system_kpis,3,name_en,text,text,NO,"",""
annual_review_system_kpis,4,name_hi,text,text,YES,"",""
annual_review_system_kpis,5,description_en,text,text,YES,"",""
annual_review_system_kpis,6,description_hi,text,text,YES,"",""
annual_review_system_kpis,7,uom_type,text,text,NO,'count'::text,""
annual_review_system_kpis,8,scoring_rules,jsonb,jsonb,NO,"",""
annual_review_system_kpis,9,is_active,boolean,bool,NO,true,""
annual_review_system_kpis,10,sort_order,integer,int4,NO,100,""
annual_review_system_kpis,11,created_by,uuid,uuid,YES,"",""
annual_review_system_kpis,12,updated_by,uuid,uuid,YES,"",""
annual_review_system_kpis,13,created_at,timestamp with time zone,timestamptz,NO,now(),""
annual_review_system_kpis,14,updated_at,timestamp with time zone,timestamptz,NO,now(),""
annual_review_template_archetypes,1,id,uuid,uuid,NO,gen_random_uuid(),""
annual_review_template_archetypes,2,code,text,text,NO,"",""
annual_review_template_archetypes,3,name_en,text,text,NO,"",""
annual_review_template_archetypes,4,name_hi,text,text,YES,"",""
annual_review_template_archetypes,5,description_en,text,text,YES,"",""
annual_review_template_archetypes,6,description_hi,text,text,YES,"",""
annual_review_template_archetypes,7,default_criteria,jsonb,jsonb,NO,'[]'::jsonb,""
annual_review_template_archetypes,8,default_enabled_stages,jsonb,jsonb,NO,"'[""self"", ""dept_head"", ""bu_head""]'::jsonb",""
annual_review_template_archetypes,9,default_stage_weights,jsonb,jsonb,NO,"'{""self"": 0, ""bu_head"": 50, ""dept_head"": 50}'::jsonb",""
annual_review_template_archetypes,10,display_mode,text,text,NO,'bilingual'::text,""
annual_review_template_archetypes,11,applies_to_grade_buckets,jsonb,jsonb,NO,'[]'::jsonb,""
annual_review_template_archetypes,12,is_active,boolean,bool,NO,true,""
annual_review_template_archetypes,13,sort_order,integer,int4,NO,0,""
annual_review_template_archetypes,14,created_by,uuid,uuid,YES,"",""
annual_review_template_archetypes,15,updated_by,uuid,uuid,YES,"",""
annual_review_template_archetypes,16,created_at,timestamp with time zone,timestamptz,NO,now(),""
annual_review_template_archetypes,17,updated_at,timestamp with time zone,timestamptz,NO,now(),""
annual_review_templates,1,id,uuid,uuid,NO,gen_random_uuid(),""
annual_review_templates,2,name,text,text,NO,"",""
annual_review_templates,3,description,text,text,YES,"",""
annual_review_templates,4,is_active,boolean,bool,NO,true,""
annual_review_templates,5,sections,jsonb,jsonb,NO,'{}'::jsonb,""
annual_review_templates,6,created_by,uuid,uuid,YES,"",""
annual_review_templates,7,created_at,timestamp with time zone,timestamptz,NO,now(),""
annual_review_templates,8,updated_at,timestamp with time zone,timestamptz,NO,now(),""
annual_review_templates,9,parent_template_id,uuid,uuid,YES,"",""
annual_review_templates,10,version,integer,int4,NO,1,""
annual_score_config_audit,1,id,uuid,uuid,NO,gen_random_uuid(),""
annual_score_config_audit,2,config_id,uuid,uuid,NO,"",""
annual_score_config_audit,3,action,text,text,NO,"",""
annual_score_config_audit,4,prev_value,jsonb,jsonb,YES,"",""
annual_score_config_audit,5,new_value,jsonb,jsonb,YES,"",""
annual_score_config_audit,6,performed_by,uuid,uuid,YES,"",""
annual_score_config_audit,7,performed_at,timestamp with time zone,timestamptz,NO,now(),""
annual_score_configs,1,id,uuid,uuid,NO,gen_random_uuid(),""
annual_score_configs,2,assessment_year,text,text,NO,"",""
annual_score_configs,3,company_id,uuid,uuid,YES,"",""
annual_score_configs,4,division_id,uuid,uuid,YES,"",""
annual_score_configs,5,business_unit_id,uuid,uuid,YES,"",""
annual_score_configs,6,category_id,uuid,uuid,YES,"",""
annual_score_configs,7,level_id,uuid,uuid,YES,"",""
annual_score_configs,8,location_id,uuid,uuid,YES,"",""
annual_score_configs,9,method,USER-DEFINED,annual_score_method,NO,'avg_all'::annual_score_method,""
annual_score_configs,10,custom_months,ARRAY,_int4,YES,"",""
annual_score_configs,11,version,integer,int4,NO,1,""
annual_score_configs,12,status,USER-DEFINED,config_status,NO,'active'::config_status,""
annual_score_configs,13,copied_from_config_id,uuid,uuid,YES,"",""
annual_score_configs,14,notes,text,text,YES,"",""
annual_score_configs,15,created_by,uuid,uuid,YES,"",""
annual_score_configs,16,created_at,timestamp with time zone,timestamptz,NO,now(),""
annual_score_configs,17,updated_at,timestamp with time zone,timestamptz,NO,now(),""
app_settings,1,id,uuid,uuid,NO,gen_random_uuid(),""
app_settings,2,organization_name,text,text,NO,'BFCL'::text,""
app_settings,3,app_name,text,text,NO,'PMS'::text,""
app_settings,4,logo_url,text,text,YES,"",""
app_settings,5,login_background_url,text,text,YES,"",""
app_settings,6,created_at,timestamp with time zone,timestamptz,NO,now(),""
app_settings,7,updated_at,timestamp with time zone,timestamptz,NO,now(),""
app_settings,8,login_wallpapers,jsonb,jsonb,YES,'[]'::jsonb,""
app_settings,9,login_hero_headline,text,text,YES,'Manage performance with clarity.'::text,""
app_settings,10,login_hero_description,text,text,YES,"'Track KPIs, conduct reviews, and drive organizational growth.'::text",""
app_settings,11,pms_policy_url,text,text,YES,"",""
app_settings,12,enabled_modules,jsonb,jsonb,YES,"'[""pms""]'::jsonb",""
app_settings,13,pms_policy_content,text,text,YES,"",""
app_settings,14,pms_policy_visible_roles,jsonb,jsonb,YES,"'[""admin"", ""manager"", ""employee"", ""auditor"", ""management"", ""hr_pms""]'::jsonb",""
app_settings,15,view_mode_strip_color,text,text,NO,'#3b82f6'::text,""
app_settings,16,enable_org_kpi_autopull,boolean,bool,NO,false,""
app_settings,17,enable_org_kpi_auto_inherit,boolean,bool,NO,true,""
app_settings,18,enable_org_kpi_forward_sync,boolean,bool,NO,true,""
app_settings,19,assisted_self_submission_enabled,boolean,bool,NO,false,""
app_settings,20,annual_review_directory_search_enabled,boolean,bool,NO,false,""
app_settings,21,assisted_selfie_required,boolean,bool,NO,true,""
app_settings,22,assisted_photo_upload_required,boolean,bool,NO,true,""
app_settings,23,team_queue_default_scope,text,text,YES,'any'::text,""
app_settings,24,team_queue_allowed_scopes,jsonb,jsonb,YES,"",""
app_settings,25,team_queue_role_overrides,jsonb,jsonb,YES,"",""
app_settings,26,team_queue_allow_user_override,boolean,bool,NO,true,""
audit_kpi_assignments,1,id,uuid,uuid,NO,gen_random_uuid(),""
audit_kpi_assignments,2,auditor_id,uuid,uuid,NO,"",""
audit_kpi_assignments,3,employee_id,uuid,uuid,NO,"",""
audit_kpi_assignments,4,assigned_by,uuid,uuid,YES,"",""
audit_kpi_assignments,5,created_at,timestamp with time zone,timestamptz,NO,now(),""
audit_kpi_level_assignments,1,id,uuid,uuid,NO,gen_random_uuid(),""
audit_kpi_level_assignments,2,kpi_id,uuid,uuid,NO,"",""
audit_kpi_level_assignments,3,auditor_id,uuid,uuid,NO,"",""
audit_kpi_level_assignments,4,assigned_by,uuid,uuid,YES,"",""
audit_kpi_level_assignments,5,created_at,timestamp with time zone,timestamptz,NO,now(),""
audit_policies,1,id,uuid,uuid,NO,gen_random_uuid(),""
audit_policies,2,module_key,text,text,NO,"",""
audit_policies,3,event_category,text,text,NO,"",""
audit_policies,4,enabled,boolean,bool,NO,true,""
audit_policies,5,retention_days,integer,int4,YES,"",""
audit_policies,6,min_severity,text,text,NO,'info'::text,""
audit_policies,7,include_payload,boolean,bool,NO,true,""
audit_policies,8,pii_redaction,boolean,bool,NO,false,""
audit_policies,9,alert_on_failure,boolean,bool,NO,false,""
audit_policies,10,notes,text,text,YES,"",""
audit_policies,11,is_active,boolean,bool,NO,true,""
audit_policies,12,created_at,timestamp with time zone,timestamptz,NO,now(),""
audit_policies,13,updated_at,timestamp with time zone,timestamptz,NO,now(),""
audit_policies,14,created_by,uuid,uuid,YES,"",""
audit_policies,15,updated_by,uuid,uuid,YES,"",""
auth_lookup_attempts,1,id,bigint,int8,NO,nextval('auth_lookup_attempts_id_seq'::regclass),""
auth_lookup_attempts,2,client_ip,text,text,YES,"",""
auth_lookup_attempts,3,attempted_at,timestamp with time zone,timestamptz,NO,now(),""
auth_lookup_attempts,4,succeeded,boolean,bool,NO,false,""
backup_denylist,1,table_name,text,text,NO,"",""
backup_denylist,2,reason,text,text,NO,"",""
backup_denylist,3,created_at,timestamp with time zone,timestamptz,NO,now(),""
backup_denylist,4,created_by,uuid,uuid,YES,"",""
backup_logs,1,id,uuid,uuid,NO,gen_random_uuid(),""
backup_logs,2,backup_type,text,text,NO,'manual'::text,""
backup_logs,3,status,text,text,NO,'running'::text,""
backup_logs,4,file_path,text,text,YES,"",""
backup_logs,5,file_size_bytes,bigint,int8,YES,"",""
backup_logs,6,tables_count,integer,int4,YES,0,""
backup_logs,7,total_rows,integer,int4,YES,0,""
backup_logs,8,created_by,uuid,uuid,YES,"",""
backup_logs,9,error_message,text,text,YES,"",""
backup_logs,10,created_at,timestamp with time zone,timestamptz,NO,now(),""
backup_logs,11,completed_at,timestamp with time zone,timestamptz,YES,"",""
backup_logs,12,backup_format,text,text,NO,'single'::text,""
bulk_review_batches,1,id,uuid,uuid,NO,gen_random_uuid(),""
bulk_review_batches,2,performed_by,uuid,uuid,YES,"",""
bulk_review_batches,3,stage,text,text,NO,"",""
bulk_review_batches,4,scope_filters,jsonb,jsonb,NO,'{}'::jsonb,""
bulk_review_batches,5,affected_count,integer,int4,NO,0,""
bulk_review_batches,6,skipped,jsonb,jsonb,NO,'[]'::jsonb,""
bulk_review_batches,7,batch_reason,text,text,YES,"",""
bulk_review_batches,8,created_at,timestamp with time zone,timestamptz,NO,now(),""
bundle_assignment_logs,1,id,uuid,uuid,NO,gen_random_uuid(),""
bundle_assignment_logs,2,bundle_id,uuid,uuid,NO,"",""
bundle_assignment_logs,3,employee_id,uuid,uuid,NO,"",""
bundle_assignment_logs,4,assigned_by,uuid,uuid,YES,"",""
bundle_assignment_logs,5,review_period,text,text,NO,"",""
bundle_assignment_logs,6,review_year,integer,int4,NO,"",""
bundle_assignment_logs,7,kpis_created,integer,int4,NO,0,""
bundle_assignment_logs,8,created_at,timestamp with time zone,timestamptz,NO,now(),""
business_unit_sub_units,1,id,uuid,uuid,NO,gen_random_uuid(),""
business_unit_sub_units,2,business_unit_id,uuid,uuid,NO,"",""
business_unit_sub_units,3,label,text,text,NO,"",""
business_unit_sub_units,4,capacity,text,text,YES,"",""
business_unit_sub_units,5,product_types,ARRAY,_text,YES,"",""
business_unit_sub_units,6,sort_order,integer,int4,NO,0,""
business_unit_sub_units,7,is_active,boolean,bool,NO,true,""
business_unit_sub_units,8,created_at,timestamp with time zone,timestamptz,NO,now(),""
business_units,1,id,uuid,uuid,NO,gen_random_uuid(),""
business_units,2,division_id,uuid,uuid,YES,"",""
business_units,3,name,text,text,NO,"",""
business_units,4,code,text,text,YES,"",""
business_units,5,created_at,timestamp with time zone,timestamptz,NO,now(),""
business_units,6,level,text,text,YES,"",""
business_units,7,head_user_id,uuid,uuid,YES,"",""
business_units,8,head_source,text,text,NO,'auto'::text,""
business_units,9,head_updated_at,timestamp with time zone,timestamptz,YES,"",""
business_units,10,head_updated_by,uuid,uuid,YES,"",""
capability_registry,1,capability_key,text,text,NO,"",""
capability_registry,2,module_key,text,text,NO,"",""
capability_registry,3,label,text,text,NO,"",""
capability_registry,4,description,text,text,YES,"",""
capability_registry,5,client_id,uuid,uuid,YES,"",""
capability_registry,6,created_at,timestamp with time zone,timestamptz,NO,now(),""
client_action_entitlements,1,id,uuid,uuid,NO,gen_random_uuid(),""
client_action_entitlements,2,client_id,uuid,uuid,NO,"",""
client_action_entitlements,3,action_key,text,text,NO,"",""
client_action_entitlements,4,is_enabled,boolean,bool,NO,true,""
client_action_entitlements,5,valid_from,timestamp with time zone,timestamptz,YES,"",""
client_action_entitlements,6,valid_until,timestamp with time zone,timestamptz,YES,"",""
client_action_entitlements,7,granted_by,uuid,uuid,YES,"",""
client_action_entitlements,8,created_at,timestamp with time zone,timestamptz,NO,now(),""
client_action_entitlements,9,updated_at,timestamp with time zone,timestamptz,NO,now(),""
client_contacts,1,id,uuid,uuid,NO,gen_random_uuid(),""
client_contacts,2,client_id,uuid,uuid,NO,"",""
client_contacts,3,role,text,text,NO,"",""
client_contacts,4,email,text,text,NO,"",""
client_contacts,5,display_name,text,text,YES,"",""
client_contacts,6,is_primary_for_role,boolean,bool,NO,false,""
client_contacts,7,verified,boolean,bool,NO,false,""
client_contacts,8,verified_by,uuid,uuid,YES,"",""
client_contacts,9,verified_at,timestamp with time zone,timestamptz,YES,"",""
client_contacts,10,notes,text,text,YES,"",""
client_contacts,11,is_active,boolean,bool,NO,true,""
client_contacts,12,archived_at,timestamp with time zone,timestamptz,YES,"",""
client_contacts,13,archived_by,uuid,uuid,YES,"",""
client_contacts,14,created_by,uuid,uuid,YES,"",""
client_contacts,15,created_at,timestamp with time zone,timestamptz,NO,now(),""
client_contacts,16,updated_by,uuid,uuid,YES,"",""
client_contacts,17,updated_at,timestamp with time zone,timestamptz,NO,now(),""
client_error_reports,1,id,uuid,uuid,NO,gen_random_uuid(),""
client_error_reports,2,created_at,timestamp with time zone,timestamptz,NO,now(),""
client_error_reports,3,user_id,uuid,uuid,YES,"",""
client_error_reports,4,account_code,text,text,YES,"",""
client_error_reports,5,effective_role,text,text,YES,"",""
client_error_reports,6,route,text,text,YES,"",""
client_error_reports,7,query,text,text,YES,"",""
client_error_reports,8,error_message,text,text,YES,"",""
client_error_reports,9,error_stack,text,text,YES,"",""
client_error_reports,10,component_stack,text,text,YES,"",""
client_error_reports,11,user_agent,text,text,YES,"",""
client_error_reports,12,viewport,text,text,YES,"",""
client_error_reports,13,app_build,text,text,YES,"",""
client_error_reports,14,last_rpc_name,text,text,YES,"",""
client_error_reports,15,last_rpc_status,integer,int4,YES,"",""
client_error_reports,16,time_since_mount_ms,integer,int4,YES,"",""
client_implementer_assignments,1,id,uuid,uuid,NO,gen_random_uuid(),""
client_implementer_assignments,2,client_id,uuid,uuid,NO,"",""
client_implementer_assignments,3,user_id,uuid,uuid,NO,"",""
client_implementer_assignments,4,assigned_by,uuid,uuid,YES,"",""
client_implementer_assignments,5,created_at,timestamp with time zone,timestamptz,NO,now(),""
client_module_entitlements,1,id,uuid,uuid,NO,gen_random_uuid(),""
client_module_entitlements,2,client_id,uuid,uuid,NO,"",""
client_module_entitlements,3,module_key,text,text,NO,"",""
client_module_entitlements,4,is_enabled,boolean,bool,NO,true,""
client_module_entitlements,5,valid_from,timestamp with time zone,timestamptz,YES,"",""
client_module_entitlements,6,valid_until,timestamp with time zone,timestamptz,YES,"",""
client_module_entitlements,7,granted_by,uuid,uuid,YES,"",""
client_module_entitlements,8,created_at,timestamp with time zone,timestamptz,NO,now(),""
client_module_entitlements,9,updated_at,timestamp with time zone,timestamptz,NO,now(),""
client_notification_templates,1,id,uuid,uuid,NO,gen_random_uuid(),""
client_notification_templates,2,client_id,uuid,uuid,NO,"",""
client_notification_templates,3,template_key,text,text,NO,"",""
client_notification_templates,4,channel,text,text,NO,'email'::text,""
client_notification_templates,5,subject,text,text,NO,"",""
client_notification_templates,6,body_text,text,text,NO,"",""
client_notification_templates,7,body_html,text,text,YES,"",""
client_notification_templates,8,variables,jsonb,jsonb,NO,'[]'::jsonb,""
client_notification_templates,9,is_active,boolean,bool,NO,true,""
client_notification_templates,10,archived_at,timestamp with time zone,timestamptz,YES,"",""
client_notification_templates,11,archived_by,uuid,uuid,YES,"",""
client_notification_templates,12,created_by,uuid,uuid,YES,"",""
client_notification_templates,13,updated_by,uuid,uuid,YES,"",""
client_notification_templates,14,created_at,timestamp with time zone,timestamptz,NO,now(),""
client_notification_templates,15,updated_at,timestamp with time zone,timestamptz,NO,now(),""
client_setup_checklist,1,id,uuid,uuid,NO,gen_random_uuid(),""
client_setup_checklist,2,client_id,uuid,uuid,NO,"",""
client_setup_checklist,3,item_key,text,text,NO,"",""
client_setup_checklist,4,item_label,text,text,NO,"",""
client_setup_checklist,5,done,boolean,bool,NO,false,""
client_setup_checklist,6,done_by,uuid,uuid,YES,"",""
client_setup_checklist,7,done_at,timestamp with time zone,timestamptz,YES,"",""
client_setup_checklist,8,notes,text,text,YES,"",""
client_setup_checklist,9,sort_order,integer,int4,NO,0,""
client_setup_checklist,10,created_at,timestamp with time zone,timestamptz,NO,now(),""
client_setup_checklist,11,updated_at,timestamp with time zone,timestamptz,NO,now(),""
client_smtp_config,1,client_id,uuid,uuid,NO,"",""
client_smtp_config,2,from_name,text,text,YES,"",""
client_smtp_config,3,from_email,text,text,YES,"",""
client_smtp_config,4,reply_to,text,text,YES,"",""
client_smtp_config,5,provider,text,text,YES,"",""
client_smtp_config,6,smtp_host,text,text,YES,"",""
client_smtp_config,7,smtp_port,integer,int4,YES,"",""
client_smtp_config,8,smtp_username,text,text,YES,"",""
client_smtp_config,9,secret_ref,text,text,YES,"",""
client_smtp_config,10,secret_set_at,timestamp with time zone,timestamptz,YES,"",""
client_smtp_config,11,secret_fingerprint,text,text,YES,"",""
client_smtp_config,12,updated_by,uuid,uuid,YES,"",""
client_smtp_config,13,updated_at,timestamp with time zone,timestamptz,NO,now(),""
client_urls,1,id,uuid,uuid,NO,gen_random_uuid(),""
client_urls,2,client_id,uuid,uuid,NO,"",""
client_urls,3,url,text,text,NO,"",""
client_urls,4,label,text,text,YES,"",""
client_urls,5,is_primary,boolean,bool,NO,false,""
client_urls,6,verified,boolean,bool,NO,false,""
client_urls,7,verified_by,uuid,uuid,YES,"",""
client_urls,8,verified_at,timestamp with time zone,timestamptz,YES,"",""
client_urls,9,notes,text,text,YES,"",""
client_urls,10,is_active,boolean,bool,NO,true,""
client_urls,11,archived_at,timestamp with time zone,timestamptz,YES,"",""
client_urls,12,archived_by,uuid,uuid,YES,"",""
client_urls,13,created_by,uuid,uuid,YES,"",""
client_urls,14,created_at,timestamp with time zone,timestamptz,NO,now(),""
client_urls,15,updated_by,uuid,uuid,YES,"",""
client_urls,16,updated_at,timestamp with time zone,timestamptz,NO,now(),""
clients,1,id,uuid,uuid,NO,gen_random_uuid(),""
clients,2,client_key,text,text,NO,"",""
clients,3,display_name,text,text,NO,"",""
clients,4,deployment_mode,text,text,NO,'saas'::text,""
clients,5,is_active,boolean,bool,NO,true,""
clients,6,entitlement_source,text,text,NO,'db'::text,""
clients,7,entitlement_version,text,text,YES,"",""
clients,8,valid_from,timestamp with time zone,timestamptz,YES,"",""
clients,9,valid_until,timestamp with time zone,timestamptz,YES,"",""
clients,10,signature_hash,text,text,YES,"",""
clients,11,created_at,timestamp with time zone,timestamptz,NO,now(),""
clients,12,updated_at,timestamp with time zone,timestamptz,NO,now(),""
companies,1,id,uuid,uuid,NO,gen_random_uuid(),""
companies,2,name,text,text,NO,"",""
companies,3,code,text,text,YES,"",""
companies,4,is_default,boolean,bool,YES,false,""
companies,5,created_at,timestamp with time zone,timestamptz,YES,now(),""
confirmation_increment_adjustments,1,id,uuid,uuid,NO,gen_random_uuid(),""
confirmation_increment_adjustments,2,employee_id,uuid,uuid,NO,"",""
confirmation_increment_adjustments,3,assessment_year,text,text,NO,"",""
confirmation_increment_adjustments,4,run_id,uuid,uuid,YES,"",""
confirmation_increment_adjustments,5,treatment_applied,USER-DEFINED,confirmation_increment_treatment,NO,"",""
confirmation_increment_adjustments,6,period_covered_months,numeric,numeric,NO,0,""
confirmation_increment_adjustments,7,balance_eligible_months,numeric,numeric,NO,0,""
confirmation_increment_adjustments,8,carry_forward_months,numeric,numeric,NO,0,""
confirmation_increment_adjustments,9,final_eligible_months,numeric,numeric,NO,0,""
confirmation_increment_adjustments,10,adjustment_reason,text,text,YES,"",""
confirmation_increment_adjustments,11,inputs_snapshot,jsonb,jsonb,YES,"",""
confirmation_increment_adjustments,12,created_at,timestamp with time zone,timestamptz,NO,now(),""
confirmation_increment_rules,1,id,uuid,uuid,NO,gen_random_uuid(),""
confirmation_increment_rules,2,assessment_year,text,text,NO,"",""
confirmation_increment_rules,3,company_id,uuid,uuid,YES,"",""
confirmation_increment_rules,4,category_id,uuid,uuid,YES,"",""
confirmation_increment_rules,5,level_id,uuid,uuid,YES,"",""
confirmation_increment_rules,6,treatment,USER-DEFINED,confirmation_increment_treatment,NO,'ignore'::confirmation_increment_treatment,""
confirmation_increment_rules,7,notes,text,text,YES,"",""
confirmation_increment_rules,8,version,integer,int4,NO,1,""
confirmation_increment_rules,9,status,text,text,NO,'active'::text,""
confirmation_increment_rules,10,copied_from_rule_id,uuid,uuid,YES,"",""
confirmation_increment_rules,11,created_by,uuid,uuid,YES,"",""
confirmation_increment_rules,12,created_at,timestamp with time zone,timestamptz,NO,now(),""
confirmation_increment_rules,13,updated_at,timestamp with time zone,timestamptz,NO,now(),""
confirmation_increment_rules,14,applicable_transitions,ARRAY,_text,NO,ARRAY['trainee_to_confirmed'::text],""
confirmation_increment_rules,15,company_scope_mode,text,text,NO,'global'::text,""
confirmation_increment_rules,16,selected_company_ids,ARRAY,_uuid,NO,'{}'::uuid[],""
custom_reports,1,id,uuid,uuid,NO,gen_random_uuid(),""
custom_reports,2,name,text,text,NO,"",""
custom_reports,3,description,text,text,YES,"",""
custom_reports,4,icon,text,text,NO,'FileText'::text,""
custom_reports,5,color,text,text,NO,'text-primary'::text,""
custom_reports,6,category,text,text,YES,'Custom'::text,""
custom_reports,7,columns,jsonb,jsonb,NO,'[]'::jsonb,""
custom_reports,8,filters,jsonb,jsonb,NO,'[]'::jsonb,""
custom_reports,9,default_sort,jsonb,jsonb,YES,"",""
custom_reports,10,group_by,text,text,YES,"",""
custom_reports,11,export_excel,boolean,bool,NO,true,""
custom_reports,12,export_pdf,boolean,bool,NO,false,""
custom_reports,13,filename_template,text,text,YES,"",""
custom_reports,14,view_roles,ARRAY,_text,NO,ARRAY['admin'::text],""
custom_reports,15,is_active,boolean,bool,NO,true,""
custom_reports,16,sort_order,integer,int4,NO,0,""
custom_reports,17,created_by,uuid,uuid,YES,"",""
custom_reports,18,created_at,timestamp with time zone,timestamptz,NO,now(),""
custom_reports,19,updated_at,timestamp with time zone,timestamptz,NO,now(),""
dashboard_registry,1,dashboard_key,text,text,NO,"",""
dashboard_registry,2,module_key,text,text,NO,"",""
dashboard_registry,3,label,text,text,NO,"",""
dashboard_registry,4,client_id,uuid,uuid,YES,"",""
dashboard_registry,5,created_at,timestamp with time zone,timestamptz,NO,now(),""
data_classifications,1,id,uuid,uuid,NO,gen_random_uuid(),""
data_classifications,2,classification_key,text,text,NO,"",""
data_classifications,3,label,text,text,NO,"",""
data_classifications,4,description,text,text,YES,"",""
data_classifications,5,sort_order,integer,int4,NO,0,""
data_classifications,6,export_allowed,boolean,bool,NO,true,""
data_classifications,7,watermark_required,boolean,bool,NO,false,""
data_classifications,8,download_reason_required,boolean,bool,NO,false,""
data_classifications,9,approval_required,boolean,bool,NO,false,""
data_classifications,10,max_rows_allowed,integer,int4,YES,"",""
data_classifications,11,audit_view_required,boolean,bool,NO,false,""
data_classifications,12,is_active,boolean,bool,NO,true,""
data_classifications,13,created_at,timestamp with time zone,timestamptz,NO,now(),""
data_classifications,14,updated_at,timestamp with time zone,timestamptz,NO,now(),""
departments,1,id,uuid,uuid,NO,gen_random_uuid(),""
departments,2,business_unit_id,uuid,uuid,YES,"",""
departments,3,name,text,text,NO,"",""
departments,4,code,text,text,YES,"",""
departments,5,created_at,timestamp with time zone,timestamptz,NO,now(),""
departments,6,level,text,text,YES,"",""
departments,7,head_user_id,uuid,uuid,YES,"",""
departments,8,head_source,text,text,NO,'auto'::text,""
departments,9,head_updated_at,timestamp with time zone,timestamptz,YES,"",""
departments,10,head_updated_by,uuid,uuid,YES,"",""
designations,1,id,uuid,uuid,NO,gen_random_uuid(),""
designations,2,name,text,text,NO,"",""
designations,3,code,text,text,YES,"",""
designations,4,created_at,timestamp with time zone,timestamptz,NO,now(),""
designations,5,level,text,text,YES,"",""
designations,6,company_id,uuid,uuid,YES,"",""
dev_report_entries,1,id,uuid,uuid,NO,gen_random_uuid(),""
dev_report_entries,2,entry_type,USER-DEFINED,dev_report_entry_type,NO,"",""
dev_report_entries,3,entry_date,date,date,YES,"",""
dev_report_entries,4,period_label,text,text,YES,"",""
dev_report_entries,5,title,text,text,NO,"",""
dev_report_entries,6,module_area,text,text,YES,"",""
dev_report_entries,7,description,text,text,NO,"",""
dev_report_entries,8,status,text,text,YES,"",""
dev_report_entries,9,severity,text,text,YES,"",""
dev_report_entries,10,timeline_type,text,text,YES,"",""
dev_report_entries,11,adr_refs,ARRAY,_text,NO,'{}'::text[],""
dev_report_entries,12,linked_commit,text,text,YES,"",""
dev_report_entries,13,created_by,uuid,uuid,YES,"",""
dev_report_entries,14,created_at,timestamp with time zone,timestamptz,NO,now(),""
dev_report_entries,15,updated_at,timestamp with time zone,timestamptz,NO,now(),""
dev_report_entries_archive_seed,1,id,uuid,uuid,YES,"",""
dev_report_entries_archive_seed,2,entry_type,USER-DEFINED,dev_report_entry_type,YES,"",""
dev_report_entries_archive_seed,3,entry_date,date,date,YES,"",""
dev_report_entries_archive_seed,4,period_label,text,text,YES,"",""
dev_report_entries_archive_seed,5,title,text,text,YES,"",""
dev_report_entries_archive_seed,6,module_area,text,text,YES,"",""
dev_report_entries_archive_seed,7,description,text,text,YES,"",""
dev_report_entries_archive_seed,8,status,text,text,YES,"",""
dev_report_entries_archive_seed,9,severity,text,text,YES,"",""
dev_report_entries_archive_seed,10,timeline_type,text,text,YES,"",""
dev_report_entries_archive_seed,11,adr_refs,ARRAY,_text,YES,"",""
dev_report_entries_archive_seed,12,linked_commit,text,text,YES,"",""
dev_report_entries_archive_seed,13,created_by,uuid,uuid,YES,"",""
dev_report_entries_archive_seed,14,created_at,timestamp with time zone,timestamptz,YES,"",""
dev_report_entries_archive_seed,15,updated_at,timestamp with time zone,timestamptz,YES,"",""
divisions,1,id,uuid,uuid,NO,gen_random_uuid(),""
divisions,2,name,text,text,NO,"",""
divisions,3,code,text,text,YES,"",""
divisions,4,created_at,timestamp with time zone,timestamptz,NO,now(),""
divisions,5,level,text,text,YES,"",""
divisions,6,company_id,uuid,uuid,YES,"",""
eligible_login_users,1,id,uuid,uuid,YES,"",""
eligible_login_users,2,full_name,text,text,YES,"",""
eligible_login_users,3,email,text,text,YES,"",""
eligible_login_users,4,employee_code,text,text,YES,"",""
eligible_login_users,5,designation,text,text,YES,"",""
eligible_login_users,6,department_id,uuid,uuid,YES,"",""
eligible_login_users,7,eligibility_type,text,text,YES,"",""
email_change_audit,1,id,uuid,uuid,NO,gen_random_uuid(),""
email_change_audit,2,user_id,uuid,uuid,NO,"",""
email_change_audit,3,old_email,text,text,YES,"",""
email_change_audit,4,new_email,text,text,YES,"",""
email_change_audit,5,performed_by,uuid,uuid,YES,"",""
email_change_audit,6,source,text,text,NO,"",""
email_change_audit,7,performed_at,timestamp with time zone,timestamptz,NO,now(),""
email_dispatch_queue,1,id,uuid,uuid,NO,gen_random_uuid(),""
email_dispatch_queue,2,template_key,text,text,NO,"",""
email_dispatch_queue,3,recipient_email,text,text,NO,"",""
email_dispatch_queue,4,recipient_name,text,text,YES,"",""
email_dispatch_queue,5,metadata,jsonb,jsonb,YES,'{}'::jsonb,""
email_dispatch_queue,6,created_at,timestamp with time zone,timestamptz,NO,now(),""
email_dispatch_queue,7,sent_at,timestamp with time zone,timestamptz,YES,"",""
email_logs,1,id,uuid,uuid,NO,gen_random_uuid(),""
email_logs,2,event_type,text,text,NO,"",""
email_logs,3,recipient_email,text,text,NO,"",""
email_logs,4,recipient_name,text,text,YES,"",""
email_logs,5,subject,text,text,YES,"",""
email_logs,6,status,text,text,NO,'sent'::text,""
email_logs,7,error_message,text,text,YES,"",""
email_logs,8,provider,text,text,YES,"",""
email_logs,9,metadata,jsonb,jsonb,YES,"",""
email_logs,10,created_at,timestamp with time zone,timestamptz,NO,now(),""
employee_categories,1,id,uuid,uuid,NO,gen_random_uuid(),""
employee_categories,2,company_id,uuid,uuid,YES,"",""
employee_categories,3,name,text,text,NO,"",""
employee_categories,4,code,text,text,YES,"",""
employee_categories,5,is_active,boolean,bool,NO,true,""
employee_categories,6,sort_order,integer,int4,NO,0,""
employee_categories,7,created_at,timestamp with time zone,timestamptz,NO,now(),""
employee_categories,8,updated_at,timestamp with time zone,timestamptz,NO,now(),""
employee_incentive_eligibility,1,id,uuid,uuid,NO,gen_random_uuid(),""
employee_incentive_eligibility,2,employee_id,uuid,uuid,NO,"",""
employee_incentive_eligibility,3,review_period,text,text,NO,"",""
employee_incentive_eligibility,4,review_year,integer,int4,NO,"",""
employee_incentive_eligibility,5,absent_days,integer,int4,NO,0,""
employee_incentive_eligibility,6,lwp_days,numeric,numeric,NO,0,""
employee_incentive_eligibility,7,has_warning_letter,boolean,bool,NO,false,""
employee_incentive_eligibility,8,is_suspended,boolean,bool,NO,false,""
employee_incentive_eligibility,9,is_contract_worker,boolean,bool,NO,false,""
employee_incentive_eligibility,10,lti_count,integer,int4,NO,0,""
employee_incentive_eligibility,11,department_lti_count,integer,int4,NO,0,""
employee_incentive_eligibility,12,total_working_days,integer,int4,YES,"",""
employee_incentive_eligibility,13,present_days,numeric,numeric,YES,"",""
employee_incentive_eligibility,14,weekly_off_days,integer,int4,YES,"",""
employee_incentive_eligibility,15,production_value,numeric,numeric,YES,"",""
employee_incentive_eligibility,16,availability_percent,numeric,numeric,YES,"",""
employee_incentive_eligibility,17,shutdown_hours,numeric,numeric,YES,"",""
employee_incentive_eligibility,18,remarks,text,text,YES,"",""
employee_incentive_eligibility,19,entered_by,uuid,uuid,YES,"",""
employee_incentive_eligibility,20,created_at,timestamp with time zone,timestamptz,NO,now(),""
employee_incentive_eligibility,21,updated_at,timestamp with time zone,timestamptz,NO,now(),""
employee_incentive_eligibility,22,custom_fields,jsonb,jsonb,YES,'{}'::jsonb,""
employee_incentive_records,1,id,uuid,uuid,NO,gen_random_uuid(),""
employee_incentive_records,2,employee_id,uuid,uuid,NO,"",""
employee_incentive_records,3,program_id,uuid,uuid,YES,"",""
employee_incentive_records,4,review_period,text,text,NO,"",""
employee_incentive_records,5,review_year,integer,int4,NO,"",""
employee_incentive_records,6,pms_score,numeric,numeric,YES,"",""
employee_incentive_records,7,production_value,numeric,numeric,YES,"",""
employee_incentive_records,8,matched_slab_id,uuid,uuid,YES,"",""
employee_incentive_records,9,base_incentive_percent,numeric,numeric,NO,0,""
employee_incentive_records,10,is_disqualified,boolean,bool,NO,false,""
employee_incentive_records,11,disqualification_reasons,ARRAY,_text,YES,"",""
employee_incentive_records,12,lti_penalty_percent,numeric,numeric,NO,0,""
employee_incentive_records,13,pro_rata_factor,numeric,numeric,NO,1.0,""
employee_incentive_records,14,final_incentive_percent,numeric,numeric,NO,0,""
employee_incentive_records,15,is_retroactive_adjustment,boolean,bool,NO,false,""
employee_incentive_records,16,original_score,numeric,numeric,YES,"",""
employee_incentive_records,17,adjusted_score,numeric,numeric,YES,"",""
employee_incentive_records,18,adjustment_source_period,text,text,YES,"",""
employee_incentive_records,19,status,text,text,NO,'draft'::text,""
employee_incentive_records,20,computed_at,timestamp with time zone,timestamptz,YES,"",""
employee_incentive_records,21,confirmed_by,uuid,uuid,YES,"",""
employee_incentive_records,22,created_at,timestamp with time zone,timestamptz,NO,now(),""
employee_incentive_records,23,updated_at,timestamp with time zone,timestamptz,NO,now(),""
employee_incentive_records,24,incentive_status,text,text,NO,'hold'::text,""
employee_incentive_records,25,status_override_reason,text,text,YES,"",""
employee_incentive_records,26,status_overridden_by,uuid,uuid,YES,"",""
employee_incentive_records,27,status_overridden_at,timestamp with time zone,timestamptz,YES,"",""
employee_incentive_records,28,incentive_amount,numeric,numeric,YES,0,""
employee_incentive_records,29,payment_period,text,text,NO,'full'::text,""
employee_job_descriptions,1,id,uuid,uuid,NO,gen_random_uuid(),""
employee_job_descriptions,2,designation,text,text,NO,"",""
employee_job_descriptions,3,role_purpose,text,text,YES,"",""
employee_job_descriptions,4,key_responsibilities,jsonb,jsonb,YES,'[]'::jsonb,""
employee_job_descriptions,5,required_skills,jsonb,jsonb,YES,'[]'::jsonb,""
employee_job_descriptions,6,qualifications,text,text,YES,"",""
employee_job_descriptions,7,created_by,uuid,uuid,YES,"",""
employee_job_descriptions,8,created_at,timestamp with time zone,timestamptz,NO,now(),""
employee_job_descriptions,9,updated_at,timestamp with time zone,timestamptz,NO,now(),""
employee_master_custom_field_values,1,id,uuid,uuid,NO,gen_random_uuid(),""
employee_master_custom_field_values,2,employee_id,uuid,uuid,NO,"",""
employee_master_custom_field_values,3,values,jsonb,jsonb,NO,'{}'::jsonb,""
employee_master_custom_field_values,4,created_at,timestamp with time zone,timestamptz,NO,now(),""
employee_master_custom_field_values,5,updated_at,timestamp with time zone,timestamptz,NO,now(),""
employee_master_custom_fields,1,id,uuid,uuid,NO,gen_random_uuid(),""
employee_master_custom_fields,2,field_key,text,text,NO,"",""
employee_master_custom_fields,3,field_label,text,text,NO,"",""
employee_master_custom_fields,4,field_type,text,text,NO,"",""
employee_master_custom_fields,5,is_mandatory,boolean,bool,NO,false,""
employee_master_custom_fields,6,show_on_add_user,boolean,bool,NO,true,""
employee_master_custom_fields,7,show_on_edit_user,boolean,bool,NO,true,""
employee_master_custom_fields,8,show_in_employee_master,boolean,bool,NO,false,""
employee_master_custom_fields,9,dropdown_options,jsonb,jsonb,YES,"",""
employee_master_custom_fields,10,placeholder,text,text,YES,"",""
employee_master_custom_fields,11,help_text,text,text,YES,"",""
employee_master_custom_fields,12,is_active,boolean,bool,NO,true,""
employee_master_custom_fields,13,sort_order,integer,int4,NO,0,""
employee_master_custom_fields,14,created_at,timestamp with time zone,timestamptz,NO,now(),""
employee_master_custom_fields,15,updated_at,timestamp with time zone,timestamptz,NO,now(),""
employee_working_days,1,id,uuid,uuid,NO,gen_random_uuid(),""
employee_working_days,2,employee_id,uuid,uuid,NO,"",""
employee_working_days,3,month,character varying,varchar,NO,"",20
employee_working_days,4,year,integer,int4,NO,"",""
employee_working_days,5,working_days,integer,int4,NO,"",""
employee_working_days,6,created_at,timestamp with time zone,timestamptz,YES,now(),""
employee_working_days,7,updated_at,timestamp with time zone,timestamptz,YES,now(),""
employment_status_history,1,id,uuid,uuid,NO,gen_random_uuid(),""
employment_status_history,2,employee_id,uuid,uuid,NO,"",""
employment_status_history,3,previous_status,text,text,YES,"",""
employment_status_history,4,new_status,text,text,NO,"",""
employment_status_history,5,effective_date,date,date,NO,"",""
employment_status_history,6,changed_by,uuid,uuid,YES,"",""
employment_status_history,7,changed_at,timestamp with time zone,timestamptz,NO,now(),""
employment_status_history,8,source,text,text,NO,'manual_edit'::text,""
employment_status_history,9,notes,text,text,YES,"",""
employment_statuses,1,id,uuid,uuid,NO,gen_random_uuid(),""
employment_statuses,2,name,text,text,NO,"",""
employment_statuses,3,code,text,text,YES,"",""
employment_statuses,4,is_active,boolean,bool,NO,true,""
employment_statuses,5,sort_order,integer,int4,NO,0,""
employment_statuses,6,created_at,timestamp with time zone,timestamptz,NO,now(),""
employment_statuses,7,updated_at,timestamp with time zone,timestamptz,NO,now(),""
entitlement_audit,1,id,uuid,uuid,NO,gen_random_uuid(),""
entitlement_audit,2,actor_id,uuid,uuid,YES,"",""
entitlement_audit,3,event_type,text,text,NO,"",""
entitlement_audit,4,entity_type,text,text,NO,"",""
entitlement_audit,5,entity_key,text,text,NO,"",""
entitlement_audit,6,client_id,uuid,uuid,YES,"",""
entitlement_audit,7,before,jsonb,jsonb,YES,"",""
entitlement_audit,8,after,jsonb,jsonb,YES,"",""
entitlement_audit,9,reason,text,text,YES,"",""
entitlement_audit,10,created_at,timestamp with time zone,timestamptz,NO,now(),""
export_policies,1,id,uuid,uuid,NO,gen_random_uuid(),""
export_policies,2,classification_key,text,text,NO,"",""
export_policies,3,export_allowed,boolean,bool,NO,true,""
export_policies,4,allowed_formats,ARRAY,_text,NO,"ARRAY['csv'::text, 'xlsx'::text, 'pdf'::text]",""
export_policies,5,max_rows_per_export,integer,int4,YES,"",""
export_policies,6,watermark_required,boolean,bool,NO,false,""
export_policies,7,download_reason_required,boolean,bool,NO,false,""
export_policies,8,approval_required,boolean,bool,NO,false,""
export_policies,9,approver_role,text,text,YES,"",""
export_policies,10,retain_export_log_days,integer,int4,YES,"",""
export_policies,11,notes,text,text,YES,"",""
export_policies,12,is_active,boolean,bool,NO,true,""
export_policies,13,created_at,timestamp with time zone,timestamptz,NO,now(),""
export_policies,14,updated_at,timestamp with time zone,timestamptz,NO,now(),""
export_policies,15,created_by,uuid,uuid,YES,"",""
export_policies,16,updated_by,uuid,uuid,YES,"",""
final_score_revisions,1,id,uuid,uuid,NO,gen_random_uuid(),""
final_score_revisions,2,submission_id,uuid,uuid,NO,"",""
final_score_revisions,3,revision_no,integer,int4,NO,"",""
final_score_revisions,4,prev_final_score,numeric,numeric,YES,"",""
final_score_revisions,5,new_final_score,numeric,numeric,YES,"",""
final_score_revisions,6,reason,text,text,NO,"",""
final_score_revisions,7,reopened_stages,ARRAY,_text,NO,ARRAY[]::text[],""
final_score_revisions,8,performed_by,uuid,uuid,YES,"",""
final_score_revisions,9,batch_id,uuid,uuid,YES,"",""
final_score_revisions,10,auto_reverted,boolean,bool,NO,false,""
final_score_revisions,11,created_at,timestamp with time zone,timestamptz,NO,now(),""
frequency_config,1,id,uuid,uuid,NO,gen_random_uuid(),""
frequency_config,2,frequency,text,text,NO,"",""
frequency_config,3,sub_frequency,text,text,NO,"",""
frequency_config,4,review_window_rules,jsonb,jsonb,YES,"",""
frequency_config,5,locked_months,jsonb,jsonb,YES,"",""
frequency_config,6,active_month,integer,int4,YES,"",""
frequency_config,7,description,text,text,YES,"",""
frequency_config,8,created_at,timestamp with time zone,timestamptz,YES,now(),""
general_eligibility_audit,1,id,uuid,uuid,NO,gen_random_uuid(),""
general_eligibility_audit,2,config_id,uuid,uuid,YES,"",""
general_eligibility_audit,3,assessment_year,text,text,YES,"",""
general_eligibility_audit,4,action,text,text,NO,"",""
general_eligibility_audit,5,previous_value,jsonb,jsonb,YES,"",""
general_eligibility_audit,6,new_value,jsonb,jsonb,YES,"",""
general_eligibility_audit,7,changed_by,uuid,uuid,YES,"",""
general_eligibility_audit,8,changed_at,timestamp with time zone,timestamptz,NO,now(),""
general_eligibility_configs,1,id,uuid,uuid,NO,gen_random_uuid(),""
general_eligibility_configs,2,assessment_year,text,text,NO,"",""
general_eligibility_configs,3,category_ids,ARRAY,_uuid,NO,'{}'::uuid[],""
general_eligibility_configs,4,employment_statuses,ARRAY,_text,NO,'{}'::text[],""
general_eligibility_configs,5,level_ids,ARRAY,_uuid,NO,'{}'::uuid[],""
general_eligibility_configs,6,min_service_months,integer,int4,NO,0,""
general_eligibility_configs,7,status,text,text,NO,'draft'::text,""
general_eligibility_configs,8,version,integer,int4,NO,1,""
general_eligibility_configs,9,copied_from_id,uuid,uuid,YES,"",""
general_eligibility_configs,10,created_by,uuid,uuid,YES,"",""
general_eligibility_configs,11,created_at,timestamp with time zone,timestamptz,NO,now(),""
general_eligibility_configs,12,updated_at,timestamp with time zone,timestamptz,NO,now(),""
general_eligibility_configs,13,service_as_on_mode,text,text,NO,'run_date'::text,""
general_eligibility_configs,14,service_as_on_date,date,date,YES,"",""
iac_audit_log,1,id,bigint,int8,NO,nextval('iac_audit_log_id_seq'::regclass),""
iac_audit_log,2,actor_id,uuid,uuid,YES,"",""
iac_audit_log,3,action,text,text,NO,"",""
iac_audit_log,4,target_type,text,text,NO,"",""
iac_audit_log,5,target_id,text,text,YES,"",""
iac_audit_log,6,payload,jsonb,jsonb,NO,'{}'::jsonb,""
iac_audit_log,7,created_at,timestamp with time zone,timestamptz,NO,now(),""
iac_capabilities,1,code,text,text,NO,"",""
iac_capabilities,2,module,text,text,NO,"",""
iac_capabilities,3,label,text,text,NO,"",""
iac_capabilities,4,description,text,text,YES,"",""
iac_capabilities,5,is_destructive,boolean,bool,NO,false,""
iac_capabilities,6,created_at,timestamp with time zone,timestamptz,NO,now(),""
iac_role_capabilities,1,role_id,uuid,uuid,NO,"",""
iac_role_capabilities,2,capability_code,text,text,NO,"",""
iac_roles,1,id,uuid,uuid,NO,gen_random_uuid(),""
iac_roles,2,code,text,text,NO,"",""
iac_roles,3,name,text,text,NO,"",""
iac_roles,4,module,text,text,NO,"",""
iac_roles,5,description,text,text,YES,"",""
iac_roles,6,is_system,boolean,bool,NO,false,""
iac_roles,7,is_active,boolean,bool,NO,true,""
iac_roles,8,created_at,timestamp with time zone,timestamptz,NO,now(),""
iac_roles,9,updated_at,timestamp with time zone,timestamptz,NO,now(),""
iac_user_role_assignments,1,id,uuid,uuid,NO,gen_random_uuid(),""
iac_user_role_assignments,2,user_id,uuid,uuid,NO,"",""
iac_user_role_assignments,3,role_id,uuid,uuid,NO,"",""
iac_user_role_assignments,4,scope_type,USER-DEFINED,iac_scope_type,NO,'global'::iac_scope_type,""
iac_user_role_assignments,5,scope_id,uuid,uuid,YES,"",""
iac_user_role_assignments,6,assigned_by,uuid,uuid,YES,"",""
iac_user_role_assignments,7,assigned_at,timestamp with time zone,timestamptz,NO,now(),""
iac_user_role_assignments,8,expires_at,timestamp with time zone,timestamptz,YES,"",""
impl_console_rate_buckets,1,id,uuid,uuid,NO,gen_random_uuid(),""
impl_console_rate_buckets,2,actor_id,uuid,uuid,NO,"",""
impl_console_rate_buckets,3,client_id,uuid,uuid,NO,"",""
impl_console_rate_buckets,4,action,text,text,NO,"",""
impl_console_rate_buckets,5,bucket_hour,timestamp with time zone,timestamptz,NO,"",""
impl_console_rate_buckets,6,count,integer,int4,NO,0,""
impl_console_rate_buckets,7,created_at,timestamp with time zone,timestamptz,NO,now(),""
impl_console_rate_buckets,8,updated_at,timestamp with time zone,timestamptz,NO,now(),""
import_field_settings,1,id,uuid,uuid,NO,gen_random_uuid(),""
import_field_settings,2,import_type,text,text,NO,"",""
import_field_settings,3,field_key,text,text,NO,"",""
import_field_settings,4,field_label,text,text,NO,"",""
import_field_settings,5,is_mandatory,boolean,bool,NO,false,""
import_field_settings,6,is_visible,boolean,bool,NO,true,""
import_field_settings,7,sort_order,integer,int4,NO,0,""
import_field_settings,8,updated_at,timestamp with time zone,timestamptz,NO,now(),""
import_field_settings,9,updated_by,uuid,uuid,YES,"",""
import_progress,1,id,text,text,NO,"",""
import_progress,2,user_id,uuid,uuid,NO,"",""
import_progress,3,status,text,text,NO,'running'::text,""
import_progress,4,total_rows,integer,int4,NO,0,""
import_progress,5,processed_rows,integer,int4,NO,0,""
import_progress,6,kpis_imported,integer,int4,NO,0,""
import_progress,7,employees_created,integer,int4,NO,0,""
import_progress,8,categories_created,integer,int4,NO,0,""
import_progress,9,errors,jsonb,jsonb,YES,'[]'::jsonb,""
import_progress,10,started_at,timestamp with time zone,timestamptz,NO,now(),""
import_progress,11,completed_at,timestamp with time zone,timestamptz,YES,"",""
import_progress,12,created_at,timestamp with time zone,timestamptz,NO,now(),""
import_progress,13,updated_at,timestamp with time zone,timestamptz,NO,now(),""
incentive_allocation_rules,1,id,uuid,uuid,NO,gen_random_uuid(),""
incentive_allocation_rules,2,program_id,uuid,uuid,NO,"",""
incentive_allocation_rules,3,source_label,text,text,NO,"",""
incentive_allocation_rules,4,target_bu_id,uuid,uuid,YES,"",""
incentive_allocation_rules,5,target_sub_unit,text,text,YES,"",""
incentive_allocation_rules,6,allocation_pct,numeric,numeric,NO,0,""
incentive_allocation_rules,7,sort_order,integer,int4,NO,0,""
incentive_allocation_rules,8,created_at,timestamp with time zone,timestamptz,NO,now(),""
incentive_custom_tab_data,1,id,uuid,uuid,NO,gen_random_uuid(),""
incentive_custom_tab_data,2,tab_id,uuid,uuid,NO,"",""
incentive_custom_tab_data,3,program_id,uuid,uuid,NO,"",""
incentive_custom_tab_data,4,employee_id,uuid,uuid,NO,"",""
incentive_custom_tab_data,5,field_values,jsonb,jsonb,NO,'{}'::jsonb,""
incentive_custom_tab_data,6,created_at,timestamp with time zone,timestamptz,YES,now(),""
incentive_custom_tab_data,7,updated_at,timestamp with time zone,timestamptz,YES,now(),""
incentive_disqualification_rules,1,id,uuid,uuid,NO,gen_random_uuid(),""
incentive_disqualification_rules,2,program_id,uuid,uuid,NO,"",""
incentive_disqualification_rules,3,rule_type,text,text,NO,"",""
incentive_disqualification_rules,4,rule_config,jsonb,jsonb,NO,'{}'::jsonb,""
incentive_disqualification_rules,5,is_active,boolean,bool,NO,true,""
incentive_disqualification_rules,6,exemption_notes,text,text,YES,"",""
incentive_disqualification_rules,7,created_at,timestamp with time zone,timestamptz,NO,now(),""
incentive_disqualification_rules,8,updated_at,timestamp with time zone,timestamptz,NO,now(),""
incentive_eligibility_fields,1,id,uuid,uuid,NO,gen_random_uuid(),""
incentive_eligibility_fields,2,program_id,uuid,uuid,YES,"",""
incentive_eligibility_fields,3,field_key,text,text,NO,"",""
incentive_eligibility_fields,4,field_label,text,text,NO,"",""
incentive_eligibility_fields,5,field_type,text,text,NO,'number'::text,""
incentive_eligibility_fields,6,is_required,boolean,bool,YES,false,""
incentive_eligibility_fields,7,default_value,text,text,YES,"",""
incentive_eligibility_fields,8,sort_order,integer,int4,YES,0,""
incentive_eligibility_fields,9,is_active,boolean,bool,YES,true,""
incentive_eligibility_fields,10,created_at,timestamp with time zone,timestamptz,YES,now(),""
incentive_production_rates,1,id,uuid,uuid,NO,gen_random_uuid(),""
incentive_production_rates,2,program_id,uuid,uuid,NO,"",""
incentive_production_rates,3,employee_id,uuid,uuid,YES,"",""
incentive_production_rates,4,rate_per_ton,numeric,numeric,NO,0,""
incentive_production_rates,5,remarks,text,text,YES,"",""
incentive_production_rates,6,created_at,timestamp with time zone,timestamptz,YES,now(),""
incentive_production_rates,7,updated_at,timestamp with time zone,timestamptz,YES,now(),""
incentive_production_rates,8,rate_type,text,text,NO,'employee'::text,""
incentive_production_rates,9,entity_id,uuid,uuid,YES,"",""
incentive_production_rates,10,effective_from,date,date,NO,CURRENT_DATE,""
incentive_program_custom_tabs,1,id,uuid,uuid,NO,gen_random_uuid(),""
incentive_program_custom_tabs,2,program_id,uuid,uuid,NO,"",""
incentive_program_custom_tabs,3,tab_key,text,text,NO,"",""
incentive_program_custom_tabs,4,tab_label,text,text,NO,"",""
incentive_program_custom_tabs,5,sort_order,integer,int4,YES,0,""
incentive_program_custom_tabs,6,is_active,boolean,bool,YES,true,""
incentive_program_custom_tabs,7,fields,jsonb,jsonb,NO,'[]'::jsonb,""
incentive_program_custom_tabs,8,created_at,timestamp with time zone,timestamptz,YES,now(),""
incentive_program_mappings,1,id,uuid,uuid,NO,gen_random_uuid(),""
incentive_program_mappings,2,program_id,uuid,uuid,NO,"",""
incentive_program_mappings,3,mapping_type,text,text,NO,"",""
incentive_program_mappings,4,mapping_value,text,text,NO,"",""
incentive_program_mappings,5,created_at,timestamp with time zone,timestamptz,NO,now(),""
incentive_program_types,1,id,uuid,uuid,NO,gen_random_uuid(),""
incentive_program_types,2,value,text,text,NO,"",""
incentive_program_types,3,label,text,text,NO,"",""
incentive_program_types,4,created_at,timestamp with time zone,timestamptz,NO,now(),""
incentive_programs,1,id,uuid,uuid,NO,gen_random_uuid(),""
incentive_programs,2,name,text,text,NO,"",""
incentive_programs,3,program_type,text,text,NO,'support'::text,""
incentive_programs,4,description,text,text,YES,"",""
incentive_programs,5,is_active,boolean,bool,NO,true,""
incentive_programs,6,effective_from,date,date,YES,"",""
incentive_programs,7,effective_to,date,date,YES,"",""
incentive_programs,8,created_by,uuid,uuid,YES,"",""
incentive_programs,9,created_at,timestamp with time zone,timestamptz,NO,now(),""
incentive_programs,10,updated_at,timestamp with time zone,timestamptz,NO,now(),""
incentive_programs,11,incentive_base,text,text,NO,'basic_salary'::text,""
incentive_programs,12,min_kra_score,numeric,numeric,NO,3.0,""
incentive_programs,13,no_kra_eligible,boolean,bool,NO,true,""
incentive_score_revisions,1,id,uuid,uuid,NO,gen_random_uuid(),""
incentive_score_revisions,2,employee_id,uuid,uuid,NO,"",""
incentive_score_revisions,3,affected_period,text,text,NO,"",""
incentive_score_revisions,4,affected_year,integer,int4,NO,"",""
incentive_score_revisions,5,original_score,numeric,numeric,YES,"",""
incentive_score_revisions,6,revised_score,numeric,numeric,YES,"",""
incentive_score_revisions,7,original_slab_percent,numeric,numeric,YES,"",""
incentive_score_revisions,8,revised_slab_percent,numeric,numeric,YES,"",""
incentive_score_revisions,9,revision_reason,text,text,NO,"",""
incentive_score_revisions,10,source_kpi_id,uuid,uuid,YES,"",""
incentive_score_revisions,11,source_period,text,text,YES,"",""
incentive_score_revisions,12,is_payroll_notified,boolean,bool,NO,false,""
incentive_score_revisions,13,notified_at,timestamp with time zone,timestamptz,YES,"",""
incentive_score_revisions,14,created_at,timestamp with time zone,timestamptz,NO,now(),""
incentive_slab_categories,1,id,uuid,uuid,NO,gen_random_uuid(),""
incentive_slab_categories,2,value,text,text,NO,"",""
incentive_slab_categories,3,label,text,text,NO,"",""
incentive_slab_categories,4,sort_order,integer,int4,YES,0,""
incentive_slab_categories,5,created_at,timestamp with time zone,timestamptz,YES,now(),""
incentive_slabs,1,id,uuid,uuid,NO,gen_random_uuid(),""
incentive_slabs,2,program_id,uuid,uuid,NO,"",""
incentive_slabs,3,business_unit_id,uuid,uuid,YES,"",""
incentive_slabs,4,slab_category,text,text,NO,"",""
incentive_slabs,5,sub_category,text,text,YES,"",""
incentive_slabs,6,min_value,numeric,numeric,NO,"",""
incentive_slabs,7,max_value,numeric,numeric,NO,"",""
incentive_slabs,8,incentive_percent,numeric,numeric,NO,0,""
incentive_slabs,9,rating_label,text,text,YES,"",""
incentive_slabs,10,sort_order,integer,int4,NO,0,""
incentive_slabs,11,created_at,timestamp with time zone,timestamptz,NO,now(),""
incentive_slabs,12,updated_at,timestamp with time zone,timestamptz,NO,now(),""
incentive_slabs,13,department_id,uuid,uuid,YES,"",""
incentive_slabs,14,applicable_designations,ARRAY,_text,YES,"",""
incentive_slabs,15,company_id,uuid,uuid,YES,"",""
incentive_slabs,16,division_id,uuid,uuid,YES,"",""
incentive_slabs,17,pms_grade_id,uuid,uuid,YES,"",""
incentive_slabs,18,location,text,text,YES,"",""
incentive_slabs,19,pms_level,text,text,YES,"",""
incentive_slabs,20,effective_from,date,date,NO,CURRENT_DATE,""
incentive_stale_zero_cleanup_audit,1,id,uuid,uuid,NO,gen_random_uuid(),""
incentive_stale_zero_cleanup_audit,2,source,text,text,NO,"",""
incentive_stale_zero_cleanup_audit,3,employee_id,uuid,uuid,YES,"",""
incentive_stale_zero_cleanup_audit,4,program_id,uuid,uuid,YES,"",""
incentive_stale_zero_cleanup_audit,5,review_period,text,text,YES,"",""
incentive_stale_zero_cleanup_audit,6,review_year,integer,int4,YES,"",""
incentive_stale_zero_cleanup_audit,7,payment_period,text,text,YES,"",""
incentive_stale_zero_cleanup_audit,8,old_production_value,numeric,numeric,YES,"",""
incentive_stale_zero_cleanup_audit,9,old_incentive_amount,numeric,numeric,YES,"",""
incentive_stale_zero_cleanup_audit,10,old_status,text,text,YES,"",""
incentive_stale_zero_cleanup_audit,11,old_incentive_status,text,text,YES,"",""
incentive_stale_zero_cleanup_audit,12,reason,text,text,YES,"",""
incentive_stale_zero_cleanup_audit,13,cleaned_at,timestamp with time zone,timestamptz,NO,now(),""
incentive_vessel_rates,1,id,uuid,uuid,NO,gen_random_uuid(),""
incentive_vessel_rates,2,program_id,uuid,uuid,NO,"",""
incentive_vessel_rates,3,employee_id,uuid,uuid,NO,"",""
incentive_vessel_rates,4,rate_per_vessel,numeric,numeric,NO,10000,""
incentive_vessel_rates,5,remarks,text,text,YES,"",""
incentive_vessel_rates,6,created_at,timestamp with time zone,timestamptz,YES,now(),""
incentive_vessel_rates,7,updated_at,timestamp with time zone,timestamptz,YES,now(),""
increment_eligibility_audit,1,id,uuid,uuid,NO,gen_random_uuid(),""
increment_eligibility_audit,2,config_id,uuid,uuid,YES,"",""
increment_eligibility_audit,3,criterion_id,uuid,uuid,YES,"",""
increment_eligibility_audit,4,performed_by,uuid,uuid,YES,"",""
increment_eligibility_audit,5,performed_at,timestamp with time zone,timestamptz,NO,now(),""
increment_eligibility_audit,6,action,text,text,NO,"",""
increment_eligibility_audit,7,previous_value,jsonb,jsonb,YES,"",""
increment_eligibility_audit,8,revised_value,jsonb,jsonb,YES,"",""
increment_eligibility_audit,9,company_label,text,text,YES,"",""
increment_eligibility_audit,10,assessment_year,text,text,YES,"",""
increment_eligibility_configs,1,id,uuid,uuid,NO,gen_random_uuid(),""
increment_eligibility_configs,2,company_id,ARRAY,_uuid,NO,'{}'::uuid[],""
increment_eligibility_configs,3,division_id,ARRAY,_uuid,NO,'{}'::uuid[],""
increment_eligibility_configs,4,business_unit_id,ARRAY,_uuid,NO,'{}'::uuid[],""
increment_eligibility_configs,5,level_id,ARRAY,_uuid,NO,'{}'::uuid[],""
increment_eligibility_configs,6,category_id,ARRAY,_uuid,NO,'{}'::uuid[],""
increment_eligibility_configs,7,location_id,ARRAY,_uuid,NO,'{}'::uuid[],""
increment_eligibility_configs,8,assessment_year,text,text,NO,"",""
increment_eligibility_configs,9,status,text,text,NO,'draft'::text,""
increment_eligibility_configs,10,copied_from_config_id,uuid,uuid,YES,"",""
increment_eligibility_configs,11,created_by,uuid,uuid,YES,"",""
increment_eligibility_configs,12,approved_by,uuid,uuid,YES,"",""
increment_eligibility_configs,13,approved_at,timestamp with time zone,timestamptz,YES,"",""
increment_eligibility_configs,14,created_at,timestamp with time zone,timestamptz,NO,now(),""
increment_eligibility_configs,15,updated_at,timestamp with time zone,timestamptz,NO,now(),""
increment_eligibility_criteria,1,id,uuid,uuid,NO,gen_random_uuid(),""
increment_eligibility_criteria,2,config_id,uuid,uuid,NO,"",""
increment_eligibility_criteria,3,criterion_key,text,text,NO,"",""
increment_eligibility_criteria,4,criterion_name,text,text,NO,"",""
increment_eligibility_criteria,5,description,text,text,YES,"",""
increment_eligibility_criteria,6,comparison_operator,text,text,NO,"",""
increment_eligibility_criteria,7,threshold_value,numeric,numeric,NO,"",""
increment_eligibility_criteria,8,unit_label,text,text,YES,"",""
increment_eligibility_criteria,9,is_active,boolean,bool,NO,true,""
increment_eligibility_criteria,10,effective_date,date,date,NO,CURRENT_DATE,""
increment_eligibility_criteria,11,sort_order,integer,int4,NO,0,""
increment_eligibility_criteria,12,created_at,timestamp with time zone,timestamptz,NO,now(),""
increment_eligibility_criteria,13,updated_at,timestamp with time zone,timestamptz,NO,now(),""
increment_eligibility_exclusions,1,id,uuid,uuid,NO,gen_random_uuid(),""
increment_eligibility_exclusions,2,config_id,uuid,uuid,NO,"",""
increment_eligibility_exclusions,3,employee_id,uuid,uuid,NO,"",""
increment_eligibility_exclusions,4,assessment_year,text,text,NO,"",""
increment_eligibility_exclusions,5,reason,text,text,YES,"",""
increment_eligibility_exclusions,6,added_by,uuid,uuid,YES,"",""
increment_eligibility_exclusions,7,added_at,timestamp with time zone,timestamptz,NO,now(),""
increment_inputs,1,id,uuid,uuid,NO,gen_random_uuid(),""
increment_inputs,2,assessment_year,text,text,NO,"",""
increment_inputs,3,employee_id,uuid,uuid,NO,"",""
increment_inputs,4,absent_days,numeric,numeric,NO,0,""
increment_inputs,5,lwp_days,numeric,numeric,NO,0,""
increment_inputs,6,disciplinary_actions,integer,int4,NO,0,""
increment_inputs,7,training_compliance,numeric,numeric,NO,0,""
increment_inputs,8,current_salary,numeric,numeric,YES,"",""
increment_inputs,9,dynamic_metrics,jsonb,jsonb,NO,'{}'::jsonb,""
increment_inputs,10,source,text,text,NO,'manual'::text,""
increment_inputs,11,remarks,text,text,YES,"",""
increment_inputs,12,updated_by,uuid,uuid,YES,"",""
increment_inputs,13,created_at,timestamp with time zone,timestamptz,NO,now(),""
increment_inputs,14,updated_at,timestamp with time zone,timestamptz,NO,now(),""
increment_method_configs,1,id,uuid,uuid,NO,gen_random_uuid(),""
increment_method_configs,2,assessment_year,text,text,NO,"",""
increment_method_configs,3,company_id,uuid,uuid,YES,"",""
increment_method_configs,4,division_id,uuid,uuid,YES,"",""
increment_method_configs,5,business_unit_id,uuid,uuid,YES,"",""
increment_method_configs,6,category_id,uuid,uuid,YES,"",""
increment_method_configs,7,level_id,uuid,uuid,YES,"",""
increment_method_configs,8,location_id,uuid,uuid,YES,"",""
increment_method_configs,9,method,USER-DEFINED,increment_method_type,NO,'full'::increment_method_type,""
increment_method_configs,10,version,integer,int4,NO,1,""
increment_method_configs,11,status,USER-DEFINED,config_status,NO,'active'::config_status,""
increment_method_configs,12,copied_from_config_id,uuid,uuid,YES,"",""
increment_method_configs,13,notes,text,text,YES,"",""
increment_method_configs,14,created_by,uuid,uuid,YES,"",""
increment_method_configs,15,created_at,timestamp with time zone,timestamptz,NO,now(),""
increment_method_configs,16,updated_at,timestamp with time zone,timestamptz,NO,now(),""
increment_method_configs,17,joining_month_cutoff_day,smallint,int2,YES,"",""
increment_method_configs,18,eligibility_cutoff_month,smallint,int2,YES,"",""
increment_method_configs,19,eligibility_cutoff_day,smallint,int2,YES,"",""
increment_method_configs,20,carry_forward_post_cutoff,boolean,bool,NO,false,""
increment_method_slabs,1,id,uuid,uuid,NO,gen_random_uuid(),""
increment_method_slabs,2,method_config_id,uuid,uuid,NO,"",""
increment_method_slabs,3,from_months,numeric,numeric,NO,"",""
increment_method_slabs,4,to_months,numeric,numeric,YES,"",""
increment_method_slabs,5,percent_of_slab,numeric,numeric,NO,"",""
increment_method_slabs,6,sort_order,integer,int4,NO,0,""
increment_method_slabs,7,created_at,timestamp with time zone,timestamptz,NO,now(),""
increment_run_items,1,id,uuid,uuid,NO,gen_random_uuid(),""
increment_run_items,2,run_id,uuid,uuid,NO,"",""
increment_run_items,3,employee_id,uuid,uuid,NO,"",""
increment_run_items,4,pms_score,numeric,numeric,YES,"",""
increment_run_items,5,rating_band,text,text,YES,"",""
increment_run_items,6,slab_percent,numeric,numeric,YES,"",""
increment_run_items,7,eligibility_status,text,text,NO,"",""
increment_run_items,8,ineligibility_reason,text,text,YES,"",""
increment_run_items,9,method_used,text,text,YES,"",""
increment_run_items,10,eligible_percent,numeric,numeric,YES,"",""
increment_run_items,11,service_months,numeric,numeric,YES,"",""
increment_run_items,12,current_salary,numeric,numeric,YES,"",""
increment_run_items,13,increment_amount,numeric,numeric,YES,"",""
increment_run_items,14,revised_salary,numeric,numeric,YES,"",""
increment_run_items,15,remarks,text,text,YES,"",""
increment_run_items,16,created_at,timestamp with time zone,timestamptz,NO,now(),""
increment_run_items,17,confirmation_treatment,USER-DEFINED,confirmation_increment_treatment,YES,"",""
increment_run_items,18,confirmation_granted,boolean,bool,YES,"",""
increment_run_items,19,confirmation_effective_date,date,date,YES,"",""
increment_run_items,20,period_covered_months,numeric,numeric,YES,"",""
increment_run_items,21,balance_eligible_months,numeric,numeric,YES,"",""
increment_run_items,22,carry_forward_months,numeric,numeric,YES,"",""
increment_run_items,23,final_eligible_months,numeric,numeric,YES,"",""
increment_run_items,24,adjustment_reason,text,text,YES,"",""
increment_run_items,25,criteria_exempt,boolean,bool,NO,false,""
increment_run_items,26,exemption_reason,text,text,YES,"",""
increment_run_items,27,manually_edited,boolean,bool,NO,false,""
increment_run_items,28,edited_by,uuid,uuid,YES,"",""
increment_run_items,29,edited_at,timestamp with time zone,timestamptz,YES,"",""
increment_run_items,30,transition_key,text,text,YES,"",""
increment_run_items,31,pre_confirmation_status,text,text,YES,"",""
increment_run_items,32,transition_source,text,text,YES,"",""
increment_run_items,33,evidence_urls,jsonb,jsonb,NO,'[]'::jsonb,""
increment_run_items,34,post_cutoff_joiner,boolean,bool,YES,"",""
increment_run_items,35,post_cutoff_carry_forward_months,smallint,int2,YES,"",""
increment_runs,1,id,uuid,uuid,NO,gen_random_uuid(),""
increment_runs,2,assessment_year,text,text,NO,"",""
increment_runs,3,scope_snapshot,jsonb,jsonb,NO,'{}'::jsonb,""
increment_runs,4,triggered_by,uuid,uuid,YES,"",""
increment_runs,5,triggered_at,timestamp with time zone,timestamptz,NO,now(),""
increment_runs,6,completed_at,timestamp with time zone,timestamptz,YES,"",""
increment_runs,7,status,text,text,NO,'running'::text,""
increment_runs,8,summary,jsonb,jsonb,NO,'{}'::jsonb,""
increment_runs,9,error_message,text,text,YES,"",""
increment_slabs,1,id,uuid,uuid,NO,gen_random_uuid(),""
increment_slabs,2,assessment_year,text,text,NO,"",""
increment_slabs,3,increment_period,text,text,YES,"",""
increment_slabs,4,rating_from,numeric,numeric,NO,"",""
increment_slabs,5,rating_to,numeric,numeric,NO,"",""
increment_slabs,6,increment_percent,numeric,numeric,NO,"",""
increment_slabs,7,prorate_on_doj,boolean,bool,NO,true,""
increment_slabs,8,company_ids,ARRAY,_uuid,NO,'{}'::uuid[],""
increment_slabs,9,division_ids,ARRAY,_uuid,NO,'{}'::uuid[],""
increment_slabs,10,business_unit_ids,ARRAY,_uuid,NO,'{}'::uuid[],""
increment_slabs,11,location_ids,ARRAY,_uuid,NO,'{}'::uuid[],""
increment_slabs,12,employee_category_ids,ARRAY,_uuid,NO,'{}'::uuid[],""
increment_slabs,13,level_ids,ARRAY,_uuid,NO,'{}'::uuid[],""
increment_slabs,14,extra_attributes,jsonb,jsonb,NO,'{}'::jsonb,""
increment_slabs,15,sort_order,integer,int4,NO,0,""
increment_slabs,16,status,text,text,NO,'active'::text,""
increment_slabs,17,version,integer,int4,NO,1,""
increment_slabs,18,created_by,uuid,uuid,YES,"",""
increment_slabs,19,created_at,timestamp with time zone,timestamptz,NO,now(),""
increment_slabs,20,updated_at,timestamp with time zone,timestamptz,NO,now(),""
increment_slabs_audit,1,id,uuid,uuid,NO,gen_random_uuid(),""
increment_slabs_audit,2,slab_id,uuid,uuid,YES,"",""
increment_slabs_audit,3,assessment_year,text,text,YES,"",""
increment_slabs_audit,4,action,text,text,NO,"",""
increment_slabs_audit,5,previous_value,jsonb,jsonb,YES,"",""
increment_slabs_audit,6,new_value,jsonb,jsonb,YES,"",""
increment_slabs_audit,7,changed_by,uuid,uuid,YES,"",""
increment_slabs_audit,8,changed_at,timestamp with time zone,timestamptz,NO,now(),""
integration_connector_registry,1,connector_key,text,text,NO,"",""
integration_connector_registry,2,module_key,text,text,NO,"",""
integration_connector_registry,3,label,text,text,NO,"",""
integration_connector_registry,4,client_id,uuid,uuid,YES,"",""
integration_connector_registry,5,created_at,timestamp with time zone,timestamptz,NO,now(),""
kpi_audit_logs,1,id,uuid,uuid,NO,gen_random_uuid(),""
kpi_audit_logs,2,kpi_id,uuid,uuid,NO,"",""
kpi_audit_logs,3,submission_id,uuid,uuid,YES,"",""
kpi_audit_logs,4,action,text,text,NO,"",""
kpi_audit_logs,5,performed_by,uuid,uuid,YES,"",""
kpi_audit_logs,6,old_value,jsonb,jsonb,YES,"",""
kpi_audit_logs,7,new_value,jsonb,jsonb,YES,"",""
kpi_audit_logs,8,metadata,jsonb,jsonb,YES,"",""
kpi_audit_logs,9,created_at,timestamp with time zone,timestamptz,NO,now(),""
kpi_audit_logs,10,on_behalf_of,uuid,uuid,YES,"",""
kpi_audit_logs,11,on_behalf_role,text,text,YES,"",""
kpi_definitions,1,id,uuid,uuid,NO,gen_random_uuid(),""
kpi_definitions,2,canonical_kra_name,text,text,NO,"",""
kpi_definitions,3,canonical_kpi_name,text,text,NO,"",""
kpi_definitions,4,category_id,uuid,uuid,NO,"",""
kpi_definitions,5,created_at,timestamp with time zone,timestamptz,NO,now(),""
kpi_definitions,6,updated_at,timestamp with time zone,timestamptz,NO,now(),""
kpi_dust_emission_rescale_2026_06,1,id,uuid,uuid,NO,gen_random_uuid(),""
kpi_dust_emission_rescale_2026_06,2,kpi_id,uuid,uuid,NO,"",""
kpi_dust_emission_rescale_2026_06,3,submission_id,uuid,uuid,YES,"",""
kpi_dust_emission_rescale_2026_06,4,employee_id,uuid,uuid,YES,"",""
kpi_dust_emission_rescale_2026_06,5,old_uom_type,text,text,YES,"",""
kpi_dust_emission_rescale_2026_06,6,old_threshold_mode,text,text,YES,"",""
kpi_dust_emission_rescale_2026_06,7,old_r5,text,text,YES,"",""
kpi_dust_emission_rescale_2026_06,8,old_r4,text,text,YES,"",""
kpi_dust_emission_rescale_2026_06,9,old_r3,text,text,YES,"",""
kpi_dust_emission_rescale_2026_06,10,old_r2,text,text,YES,"",""
kpi_dust_emission_rescale_2026_06,11,old_r1,text,text,YES,"",""
kpi_dust_emission_rescale_2026_06,12,old_r0,text,text,YES,"",""
kpi_dust_emission_rescale_2026_06,13,old_criteria,text,text,YES,"",""
kpi_dust_emission_rescale_2026_06,14,old_qualitative_options,jsonb,jsonb,YES,"",""
kpi_dust_emission_rescale_2026_06,15,old_submission,jsonb,jsonb,YES,"",""
kpi_dust_emission_rescale_2026_06,16,captured_at,timestamp with time zone,timestamptz,NO,now(),""
kpi_dust_emission_rescale_2026_06,17,captured_by,uuid,uuid,YES,"",""
kpi_dust_emission_rescale_2026_06,18,note,text,text,YES,"",""
kpi_mention_access,1,id,uuid,uuid,NO,gen_random_uuid(),""
kpi_mention_access,2,kpi_id,uuid,uuid,NO,"",""
kpi_mention_access,3,user_id,uuid,uuid,NO,"",""
kpi_mention_access,4,granted_by,uuid,uuid,YES,"",""
kpi_mention_access,5,created_at,timestamp with time zone,timestamptz,NO,now(),""
kpi_name_aliases,1,id,uuid,uuid,NO,gen_random_uuid(),""
kpi_name_aliases,2,definition_id,uuid,uuid,NO,"",""
kpi_name_aliases,3,variant_kra_name,text,text,NO,"",""
kpi_name_aliases,4,variant_kpi_name,text,text,NO,"",""
kpi_name_aliases,5,category_id,uuid,uuid,NO,"",""
kpi_name_aliases,6,created_at,timestamp with time zone,timestamptz,NO,now(),""
kpi_observation_replies,1,id,uuid,uuid,NO,gen_random_uuid(),""
kpi_observation_replies,2,observation_id,uuid,uuid,NO,"",""
kpi_observation_replies,3,reply_by,uuid,uuid,NO,"",""
kpi_observation_replies,4,reply_text,text,text,NO,"",""
kpi_observation_replies,5,evidence_urls,jsonb,jsonb,YES,"",""
kpi_observation_replies,6,created_at,timestamp with time zone,timestamptz,NO,now(),""
kpi_observation_replies,7,edited_at,timestamp with time zone,timestamptz,YES,"",""
kpi_observations,1,id,uuid,uuid,NO,gen_random_uuid(),""
kpi_observations,2,kpi_id,uuid,uuid,NO,"",""
kpi_observations,3,created_by,uuid,uuid,NO,"",""
kpi_observations,4,observer_role,text,text,NO,"",""
kpi_observations,5,observation_type,USER-DEFINED,observation_type,NO,'neutral'::observation_type,""
kpi_observations,6,score_impact,integer,int4,NO,0,""
kpi_observations,7,title,text,text,NO,"",""
kpi_observations,8,description,text,text,YES,"",""
kpi_observations,9,evidence_url,text,text,YES,"",""
kpi_observations,10,is_applied,boolean,bool,NO,false,""
kpi_observations,11,reviewed_by,uuid,uuid,YES,"",""
kpi_observations,12,reviewed_at,timestamp with time zone,timestamptz,YES,"",""
kpi_observations,13,created_at,timestamp with time zone,timestamptz,YES,now(),""
kpi_observations,14,updated_at,timestamp with time zone,timestamptz,YES,now(),""
kpi_observations,15,evidence_urls,jsonb,jsonb,YES,'[]'::jsonb,""
kpi_observations,16,status,text,text,NO,'open'::text,""
kpi_observations,17,ticket_number,text,text,YES,"('OBS-'::text || lpad((nextval('observation_ticket_seq'::regclass))::text, 5, '0'::text))",""
kpi_observations,18,visibility,text,text,NO,'public'::text,""
kpi_observations,19,edited_at,timestamp with time zone,timestamptz,YES,"",""
kpi_queries,1,id,uuid,uuid,NO,gen_random_uuid(),""
kpi_queries,2,kpi_id,uuid,uuid,NO,"",""
kpi_queries,3,entity_type,USER-DEFINED,query_entity_type,NO,'kpi'::query_entity_type,""
kpi_queries,4,raised_by,uuid,uuid,NO,"",""
kpi_queries,5,raised_to,uuid,uuid,NO,"",""
kpi_queries,6,reason,text,text,NO,"",""
kpi_queries,7,evidence_url,text,text,YES,"",""
kpi_queries,8,resolution_notes,text,text,YES,"",""
kpi_queries,9,status,USER-DEFINED,query_status,NO,'open'::query_status,""
kpi_queries,10,created_at,timestamp with time zone,timestamptz,NO,now(),""
kpi_queries,11,resolved_at,timestamp with time zone,timestamptz,YES,"",""
kpi_queries,12,updated_at,timestamp with time zone,timestamptz,NO,now(),""
kpi_queries,13,resolution_evidence_url,text,text,YES,"",""
kpi_queries,14,evidence_urls,jsonb,jsonb,YES,'[]'::jsonb,""
kpi_queries,15,resolution_evidence_urls,jsonb,jsonb,YES,'[]'::jsonb,""
kpi_queries,16,query_type,text,text,NO,'query'::text,""
kpi_queries,17,ticket_number,text,text,YES,"('Q-'::text || lpad((nextval('query_ticket_seq'::regclass))::text, 5, '0'::text))",""
kpi_registry_audit_log,1,id,uuid,uuid,NO,gen_random_uuid(),""
kpi_registry_audit_log,2,action,text,text,NO,"",""
kpi_registry_audit_log,3,performed_by,uuid,uuid,YES,"",""
kpi_registry_audit_log,4,category_id,uuid,uuid,YES,"",""
kpi_registry_audit_log,5,primary_definition_id,uuid,uuid,YES,"",""
kpi_registry_audit_log,6,affected_definition_id,uuid,uuid,YES,"",""
kpi_registry_audit_log,7,payload,jsonb,jsonb,NO,'{}'::jsonb,""
kpi_registry_audit_log,8,reason,text,text,YES,"",""
kpi_registry_audit_log,9,created_at,timestamp with time zone,timestamptz,NO,now(),""
kpi_rollback_requests,1,id,uuid,uuid,NO,gen_random_uuid(),""
kpi_rollback_requests,2,kpi_id,uuid,uuid,NO,"",""
kpi_rollback_requests,3,requested_by,uuid,uuid,NO,"",""
kpi_rollback_requests,4,requested_from_status,text,text,NO,"",""
kpi_rollback_requests,5,target_status,text,text,NO,"",""
kpi_rollback_requests,6,reason,text,text,NO,"",""
kpi_rollback_requests,7,status,text,text,NO,'pending'::text,""
kpi_rollback_requests,8,actioned_by,uuid,uuid,YES,"",""
kpi_rollback_requests,9,actioned_at,timestamp with time zone,timestamptz,YES,"",""
kpi_rollback_requests,10,created_at,timestamp with time zone,timestamptz,NO,now(),""
kpi_scanner_skips,1,id,uuid,uuid,NO,gen_random_uuid(),""
kpi_scanner_skips,2,category_id,uuid,uuid,NO,"",""
kpi_scanner_skips,3,normalized_kpi,text,text,NO,"",""
kpi_scanner_skips,4,skipped_by,uuid,uuid,YES,"",""
kpi_scanner_skips,5,skipped_at,timestamp with time zone,timestamptz,NO,now(),""
kpi_scanner_skips,6,reason,text,text,YES,"",""
kpi_standardization_actions,1,id,uuid,uuid,NO,gen_random_uuid(),""
kpi_standardization_actions,2,action_type,text,text,NO,"",""
kpi_standardization_actions,3,definition_id,uuid,uuid,YES,"",""
kpi_standardization_actions,4,category_id,uuid,uuid,YES,"",""
kpi_standardization_actions,5,payload,jsonb,jsonb,NO,'{}'::jsonb,""
kpi_standardization_actions,6,affected_row_count,integer,int4,NO,0,""
kpi_standardization_actions,7,performed_by,uuid,uuid,YES,"",""
kpi_standardization_actions,8,performed_at,timestamp with time zone,timestamptz,NO,now(),""
kpi_standardization_actions,9,reversed_at,timestamp with time zone,timestamptz,YES,"",""
kpi_standardization_actions,10,reversed_by,uuid,uuid,YES,"",""
kpi_standardization_actions,11,reverse_notes,text,text,YES,"",""
kpi_templates,1,id,uuid,uuid,NO,gen_random_uuid(),""
kpi_templates,2,title,text,text,NO,"",""
kpi_templates,3,description,text,text,YES,"",""
kpi_templates,4,category_id,uuid,uuid,YES,"",""
kpi_templates,5,kra_name,text,text,NO,"",""
kpi_templates,6,kpi_name,text,text,NO,"",""
kpi_templates,7,uom,text,text,YES,"",""
kpi_templates,8,target_value,numeric,numeric,YES,"",""
kpi_templates,9,weightage,numeric,numeric,YES,0,""
kpi_templates,10,criteria,text,text,YES,'Higher is Better'::text,""
kpi_templates,11,frequency,text,text,YES,"",""
kpi_templates,12,source_of_data,text,text,YES,"",""
kpi_templates,13,r5,text,text,YES,"",""
kpi_templates,14,r4,text,text,YES,"",""
kpi_templates,15,r3,text,text,YES,"",""
kpi_templates,16,r2,text,text,YES,"",""
kpi_templates,17,r1,text,text,YES,"",""
kpi_templates,18,r0,text,text,YES,"",""
kpi_templates,19,applicable_roles,ARRAY,_text,YES,'{}'::text[],""
kpi_templates,20,is_active,boolean,bool,YES,true,""
kpi_templates,21,created_at,timestamp with time zone,timestamptz,NO,now(),""
kpi_templates,22,updated_at,timestamp with time zone,timestamptz,NO,now(),""
kpi_templates,23,created_by,uuid,uuid,YES,"",""
kpi_templates,24,uom_type,text,text,YES,'numeric'::text,""
kpi_templates,25,qualitative_options,jsonb,jsonb,YES,"",""
kpi_templates,26,require_resubmit_reason,boolean,bool,YES,true,""
kpi_templates,27,threshold_mode,text,text,YES,'absolute'::text,""
kpis,1,id,uuid,uuid,NO,gen_random_uuid(),""
kpis,2,category_id,uuid,uuid,NO,"",""
kpis,3,employee_id,uuid,uuid,NO,"",""
kpis,4,kra_name,text,text,NO,"",""
kpis,5,kpi_name,text,text,NO,"",""
kpis,6,uom,text,text,YES,"",""
kpis,7,criteria,text,text,YES,"",""
kpis,8,target_value,numeric,numeric,YES,"",""
kpis,9,weightage,numeric,numeric,YES,0,""
kpis,10,review_period,text,text,YES,"",""
kpis,11,review_year,integer,int4,YES,EXTRACT(year FROM CURRENT_DATE),""
kpis,12,status,USER-DEFINED,review_status,YES,'kra_set'::review_status,""
kpis,13,created_at,timestamp with time zone,timestamptz,NO,now(),""
kpis,14,updated_at,timestamp with time zone,timestamptz,NO,now(),""
kpis,15,r5,text,text,YES,"",""
kpis,16,r4,text,text,YES,"",""
kpis,17,r3,text,text,YES,"",""
kpis,18,r2,text,text,YES,"",""
kpis,19,r1,text,text,YES,"",""
kpis,20,r0,text,text,YES,"",""
kpis,21,frequency,text,text,YES,"",""
kpis,22,source_of_data,text,text,YES,"",""
kpis,23,is_org_level,boolean,bool,YES,false,""
kpis,24,uom_type,text,text,YES,'numeric'::text,""
kpis,25,qualitative_options,jsonb,jsonb,YES,"",""
kpis,26,org_level_scope,text,text,YES,'organization'::text,""
kpis,27,sub_frequency,text,text,YES,"",""
kpis,28,frequency_cycle_start,text,text,YES,"",""
kpis,29,is_frequency_locked,boolean,bool,YES,false,""
kpis,30,require_resubmit_reason,boolean,bool,YES,true,""
kpis,31,day_count_type,character varying,varchar,YES,'working_days'::character varying,20
kpis,32,threshold_mode,text,text,YES,'absolute'::text,""
kpis,33,ref_code,text,text,YES,"",""
kpis,34,is_issued,boolean,bool,YES,false,""
kpis,35,weightage_variance_acknowledged,boolean,bool,NO,false,""
kpis,36,source_template_id,uuid,uuid,YES,"",""
kpis,37,kpi_definition_id,uuid,uuid,YES,"",""
kpis,38,kpi_group_type,text,text,NO,'individual'::text,""
kpis,39,division_id,uuid,uuid,YES,"",""
kpis,40,business_unit_id,uuid,uuid,YES,"",""
kpis,41,location_id,uuid,uuid,YES,"",""
kpis,42,pms_grade_id,uuid,uuid,YES,"",""
kpis,43,level_id,uuid,uuid,YES,"",""
kra_categories,1,id,uuid,uuid,NO,gen_random_uuid(),""
kra_categories,2,name,text,text,NO,"",""
kra_categories,3,weightage,numeric,numeric,NO,0,""
kra_categories,4,color,text,text,YES,'#3B82F6'::text,""
kra_categories,5,description,text,text,YES,"",""
kra_categories,6,created_at,timestamp with time zone,timestamptz,NO,now(),""
kra_categories,7,is_org_level,boolean,bool,NO,false,""
kra_categories,8,org_scoring_mode,text,text,YES,'individual'::text,""
kra_rollover_logs,1,id,uuid,uuid,NO,gen_random_uuid(),""
kra_rollover_logs,2,source_period,text,text,NO,"",""
kra_rollover_logs,3,source_year,integer,int4,NO,"",""
kra_rollover_logs,4,target_period,text,text,NO,"",""
kra_rollover_logs,5,target_year,integer,int4,NO,"",""
kra_rollover_logs,6,kpis_copied,integer,int4,NO,0,""
kra_rollover_logs,7,employees_affected,integer,int4,NO,0,""
kra_rollover_logs,8,triggered_by,text,text,NO,'system'::text,""
kra_rollover_logs,9,status,text,text,NO,'completed'::text,""
kra_rollover_logs,10,error_message,text,text,YES,"",""
kra_rollover_logs,11,created_at,timestamp with time zone,timestamptz,YES,now(),""
kra_rollover_logs,12,details,jsonb,jsonb,YES,"",""
levels,1,id,uuid,uuid,NO,gen_random_uuid(),""
levels,2,name,text,text,NO,"",""
levels,3,code,text,text,YES,"",""
levels,4,description,text,text,YES,"",""
levels,5,created_at,timestamp with time zone,timestamptz,NO,now(),""
levels,6,company_id,uuid,uuid,YES,"",""
locations,1,id,uuid,uuid,NO,gen_random_uuid(),""
locations,2,name,text,text,NO,"",""
locations,3,code,text,text,YES,"",""
locations,4,company_id,uuid,uuid,YES,"",""
locations,5,is_active,boolean,bool,NO,true,""
locations,6,created_at,timestamp with time zone,timestamptz,NO,now(),""
locations,7,updated_at,timestamp with time zone,timestamptz,NO,now(),""
menu_access_config,1,id,uuid,uuid,NO,gen_random_uuid(),""
menu_access_config,2,menu_key,text,text,NO,"",""
menu_access_config,3,menu_name,text,text,NO,"",""
menu_access_config,4,section,text,text,NO,"",""
menu_access_config,5,allowed_roles,ARRAY,_text,NO,'{}'::text[],""
menu_access_config,6,display_order,integer,int4,NO,0,""
menu_access_config,7,created_at,timestamp with time zone,timestamptz,YES,now(),""
menu_access_config,8,updated_at,timestamp with time zone,timestamptz,YES,now(),""
menu_access_user_overrides,1,id,uuid,uuid,NO,gen_random_uuid(),""
menu_access_user_overrides,2,menu_key,text,text,NO,"",""
menu_access_user_overrides,3,user_id,uuid,uuid,NO,"",""
menu_access_user_overrides,4,granted_by,uuid,uuid,YES,"",""
menu_access_user_overrides,5,created_at,timestamp with time zone,timestamptz,YES,now(),""
menu_override_audit,1,id,uuid,uuid,NO,gen_random_uuid(),""
menu_override_audit,2,menu_key,text,text,NO,"",""
menu_override_audit,3,client_id,uuid,uuid,YES,"",""
menu_override_audit,4,field,text,text,NO,"",""
menu_override_audit,5,old_value,text,text,YES,"",""
menu_override_audit,6,new_value,text,text,YES,"",""
menu_override_audit,7,changed_by,uuid,uuid,YES,"",""
menu_override_audit,8,changed_at,timestamp with time zone,timestamptz,NO,now(),""
menu_overrides,1,id,uuid,uuid,NO,gen_random_uuid(),""
menu_overrides,2,menu_key,text,text,NO,"",""
menu_overrides,3,client_id,uuid,uuid,YES,"",""
menu_overrides,4,custom_label,text,text,YES,"",""
menu_overrides,5,custom_parent_key,text,text,YES,"",""
menu_overrides,6,custom_sort_order,integer,int4,YES,"",""
menu_overrides,7,is_active,boolean,bool,NO,true,""
menu_overrides,8,updated_by,uuid,uuid,YES,"",""
menu_overrides,9,updated_at,timestamp with time zone,timestamptz,NO,now(),""
menu_overrides,10,created_at,timestamp with time zone,timestamptz,NO,now(),""
menu_overrides,11,custom_menu_level,smallint,int2,YES,"",""
menu_overrides,12,custom_module_key,text,text,YES,"",""
menu_registry,1,menu_key,text,text,NO,"",""
menu_registry,2,default_label,text,text,NO,"",""
menu_registry,3,module_key,text,text,NO,'pms'::text,""
menu_registry,4,default_parent_key,text,text,YES,"",""
menu_registry,5,menu_level,smallint,int2,NO,"",""
menu_registry,6,route_path,text,text,YES,"",""
menu_registry,7,icon_name,text,text,YES,"",""
menu_registry,8,default_sort_order,integer,int4,NO,100,""
menu_registry,9,accepts_children,boolean,bool,NO,false,""
menu_registry,10,is_renamable,boolean,bool,NO,true,""
menu_registry,11,is_movable,boolean,bool,NO,true,""
menu_registry,12,is_cross_app_movable,boolean,bool,NO,false,""
menu_registry,13,is_system_required,boolean,bool,NO,false,""
menu_registry,14,feature_key,text,text,YES,"",""
menu_registry,15,permission_key,text,text,YES,"",""
menu_registry,16,created_at,timestamp with time zone,timestamptz,NO,now(),""
menu_registry,17,updated_at,timestamp with time zone,timestamptz,NO,now(),""
menu_registry,18,is_custom,boolean,bool,NO,false,""
menu_registry,19,color,text,text,YES,"",""
menu_registry,20,created_by,uuid,uuid,YES,"",""
module_registry,1,module_key,text,text,NO,"",""
module_registry,2,label,text,text,NO,"",""
module_registry,3,description,text,text,YES,"",""
module_registry,4,is_system,boolean,bool,NO,false,""
module_registry,5,sort_order,integer,int4,NO,100,""
module_registry,6,client_id,uuid,uuid,YES,"",""
module_registry,7,entitlement_source,text,text,NO,'db'::text,""
module_registry,8,entitlement_version,text,text,YES,"",""
module_registry,9,valid_from,timestamp with time zone,timestamptz,YES,"",""
module_registry,10,valid_until,timestamp with time zone,timestamptz,YES,"",""
module_registry,11,signature_hash,text,text,YES,"",""
module_registry,12,created_at,timestamp with time zone,timestamptz,NO,now(),""
module_registry,13,updated_at,timestamp with time zone,timestamptz,NO,now(),""
modules,1,id,uuid,uuid,NO,gen_random_uuid(),""
modules,2,code,text,text,NO,"",""
modules,3,name,text,text,NO,"",""
modules,4,description,text,text,YES,"",""
modules,5,icon,text,text,NO,"",""
modules,6,color,text,text,YES,'primary'::text,""
modules,7,route,text,text,NO,"",""
modules,8,is_enabled,boolean,bool,YES,true,""
modules,9,display_order,integer,int4,YES,0,""
modules,10,created_at,timestamp with time zone,timestamptz,YES,now(),""
notification_event_registry,1,event_key,text,text,NO,"",""
notification_event_registry,2,module_key,text,text,NO,"",""
notification_event_registry,3,label,text,text,NO,"",""
notification_event_registry,4,client_id,uuid,uuid,YES,"",""
notification_event_registry,5,created_at,timestamp with time zone,timestamptz,NO,now(),""
notifications,1,id,uuid,uuid,NO,gen_random_uuid(),""
notifications,2,user_id,uuid,uuid,NO,"",""
notifications,3,type,text,text,NO,"",""
notifications,4,title,text,text,NO,"",""
notifications,5,message,text,text,NO,"",""
notifications,6,kpi_id,uuid,uuid,YES,"",""
notifications,7,related_user_id,uuid,uuid,YES,"",""
notifications,8,is_read,boolean,bool,NO,false,""
notifications,9,metadata,jsonb,jsonb,YES,'{}'::jsonb,""
notifications,10,created_at,timestamp with time zone,timestamptz,NO,now(),""
notifications,11,snoozed_until,timestamp with time zone,timestamptz,YES,"",""
notifications,12,snooze_count,integer,int4,NO,0,""
okv_migration_history,1,id,uuid,uuid,NO,gen_random_uuid(),""
okv_migration_history,2,category_id,uuid,uuid,NO,"",""
okv_migration_history,3,kra_name,text,text,NO,"",""
okv_migration_history,4,kpi_name,text,text,NO,"",""
okv_migration_history,5,review_period,text,text,NO,"",""
okv_migration_history,6,review_year,integer,int4,NO,"",""
okv_migration_history,7,action,text,text,NO,"",""
okv_migration_history,8,old_scope,text,text,NO,"",""
okv_migration_history,9,new_scope,text,text,NO,"",""
okv_migration_history,10,original_okv_id,uuid,uuid,YES,"",""
okv_migration_history,11,new_okv_id,uuid,uuid,YES,"",""
okv_migration_history,12,original_payload,jsonb,jsonb,YES,"",""
okv_migration_history,13,migrated_by,uuid,uuid,YES,"",""
okv_migration_history,14,triggered_by,uuid,uuid,YES,"",""
okv_migration_history,15,migrated_at,timestamp with time zone,timestamptz,NO,now(),""
org_head_config,1,id,uuid,uuid,NO,gen_random_uuid(),""
org_head_config,2,company_id,uuid,uuid,YES,"",""
org_head_config,3,hr_business_unit_id,uuid,uuid,YES,"",""
org_head_config,4,hr_head_user_id,uuid,uuid,YES,"",""
org_head_config,5,hr_head_source,text,text,NO,'auto'::text,""
org_head_config,6,hr_head_updated_at,timestamp with time zone,timestamptz,YES,"",""
org_head_config,7,hr_head_updated_by,uuid,uuid,YES,"",""
org_head_config,8,created_at,timestamp with time zone,timestamptz,NO,now(),""
org_head_config,9,updated_at,timestamp with time zone,timestamptz,NO,now(),""
org_kpi_data_entry_logs,1,id,uuid,uuid,NO,gen_random_uuid(),""
org_kpi_data_entry_logs,2,org_kpi_value_id,uuid,uuid,YES,"",""
org_kpi_data_entry_logs,3,category_id,uuid,uuid,NO,"",""
org_kpi_data_entry_logs,4,kra_name,text,text,NO,"",""
org_kpi_data_entry_logs,5,kpi_name,text,text,NO,"",""
org_kpi_data_entry_logs,6,review_period,text,text,NO,"",""
org_kpi_data_entry_logs,7,review_year,integer,int4,NO,"",""
org_kpi_data_entry_logs,8,action,text,text,NO,"",""
org_kpi_data_entry_logs,9,performed_by,uuid,uuid,YES,"",""
org_kpi_data_entry_logs,10,old_value,numeric,numeric,YES,"",""
org_kpi_data_entry_logs,11,new_value,numeric,numeric,YES,"",""
org_kpi_data_entry_logs,12,remarks,text,text,YES,"",""
org_kpi_data_entry_logs,13,created_at,timestamp with time zone,timestamptz,NO,now(),""
org_kpi_data_owners,1,id,uuid,uuid,NO,gen_random_uuid(),""
org_kpi_data_owners,2,category_id,uuid,uuid,NO,"",""
org_kpi_data_owners,3,kra_name,text,text,NO,"",""
org_kpi_data_owners,4,kpi_name,text,text,NO,"",""
org_kpi_data_owners,5,owner_id,uuid,uuid,NO,"",""
org_kpi_data_owners,6,assigned_by,uuid,uuid,YES,"",""
org_kpi_data_owners,7,created_at,timestamp with time zone,timestamptz,YES,now(),""
org_kpi_data_owners,8,org_level_scope,text,text,NO,'organization'::text,""
org_kpi_data_owners,9,division_id,uuid,uuid,YES,"",""
org_kpi_data_owners,10,business_unit_id,uuid,uuid,YES,"",""
org_kpi_data_owners,11,department_id,uuid,uuid,YES,"",""
org_kpi_data_owners,12,location_id,uuid,uuid,YES,"",""
org_kpi_data_owners,13,pms_grade_id,uuid,uuid,YES,"",""
org_kpi_data_owners,14,level_id,uuid,uuid,YES,"",""
org_kpi_owner_key_backup,1,id,uuid,uuid,NO,gen_random_uuid(),""
org_kpi_owner_key_backup,2,owner_row_id,uuid,uuid,NO,"",""
org_kpi_owner_key_backup,3,owner_id,uuid,uuid,NO,"",""
org_kpi_owner_key_backup,4,category_id,uuid,uuid,NO,"",""
org_kpi_owner_key_backup,5,old_kra_name,text,text,NO,"",""
org_kpi_owner_key_backup,6,old_kpi_name,text,text,NO,"",""
org_kpi_owner_key_backup,7,new_kra_name,text,text,NO,"",""
org_kpi_owner_key_backup,8,new_kpi_name,text,text,NO,"",""
org_kpi_owner_key_backup,9,action,text,text,NO,"",""
org_kpi_owner_key_backup,10,reason,text,text,NO,'normalize-whitespace-cr'::text,""
org_kpi_owner_key_backup,11,created_at,timestamp with time zone,timestamptz,NO,now(),""
org_kpi_owner_key_backup_2026_05,1,id,uuid,uuid,YES,"",""
org_kpi_owner_key_backup_2026_05,2,category_id,uuid,uuid,YES,"",""
org_kpi_owner_key_backup_2026_05,3,kra_name,text,text,YES,"",""
org_kpi_owner_key_backup_2026_05,4,kpi_name,text,text,YES,"",""
org_kpi_owner_key_backup_2026_05,5,owner_id,uuid,uuid,YES,"",""
org_kpi_owner_key_backup_2026_05,6,assigned_by,uuid,uuid,YES,"",""
org_kpi_owner_key_backup_2026_05,7,created_at,timestamp with time zone,timestamptz,YES,"",""
org_kpi_owner_key_backup_2026_06,1,id,uuid,uuid,YES,"",""
org_kpi_owner_key_backup_2026_06,2,category_id,uuid,uuid,YES,"",""
org_kpi_owner_key_backup_2026_06,3,kra_name,text,text,YES,"",""
org_kpi_owner_key_backup_2026_06,4,kpi_name,text,text,YES,"",""
org_kpi_owner_key_backup_2026_06,5,owner_id,uuid,uuid,YES,"",""
org_kpi_owner_key_backup_2026_06,6,assigned_by,uuid,uuid,YES,"",""
org_kpi_owner_key_backup_2026_06,7,created_at,timestamp with time zone,timestamptz,YES,"",""
org_kpi_owner_key_backup_2026_06,8,org_level_scope,text,text,YES,"",""
org_kpi_owner_key_backup_2026_06,9,division_id,uuid,uuid,YES,"",""
org_kpi_owner_key_backup_2026_06,10,business_unit_id,uuid,uuid,YES,"",""
org_kpi_owner_key_backup_2026_06,11,department_id,uuid,uuid,YES,"",""
org_kpi_owner_key_backup_2026_06,12,location_id,uuid,uuid,YES,"",""
org_kpi_owner_key_backup_2026_06,13,pms_grade_id,uuid,uuid,YES,"",""
org_kpi_owner_key_backup_2026_06,14,level_id,uuid,uuid,YES,"",""
org_kpi_owner_key_backup_2026_06,15,backed_up_at,timestamp with time zone,timestamptz,YES,"",""
org_kpi_value_history,1,id,uuid,uuid,NO,gen_random_uuid(),""
org_kpi_value_history,2,org_kpi_value_id,uuid,uuid,NO,"",""
org_kpi_value_history,3,category_id,uuid,uuid,NO,"",""
org_kpi_value_history,4,kra_name,text,text,NO,"",""
org_kpi_value_history,5,kpi_name,text,text,NO,"",""
org_kpi_value_history,6,review_period,text,text,NO,"",""
org_kpi_value_history,7,review_year,integer,int4,NO,"",""
org_kpi_value_history,8,old_achieved_value,numeric,numeric,YES,"",""
org_kpi_value_history,9,new_achieved_value,numeric,numeric,YES,"",""
org_kpi_value_history,10,old_status,text,text,YES,"",""
org_kpi_value_history,11,new_status,text,text,YES,"",""
org_kpi_value_history,12,changed_by,uuid,uuid,YES,"",""
org_kpi_value_history,13,change_type,text,text,NO,'update'::text,""
org_kpi_value_history,14,propagated_count,integer,int4,YES,0,""
org_kpi_value_history,15,metadata,jsonb,jsonb,YES,"",""
org_kpi_value_history,16,created_at,timestamp with time zone,timestamptz,NO,now(),""
org_kpi_values,1,id,uuid,uuid,NO,gen_random_uuid(),""
org_kpi_values,2,category_id,uuid,uuid,NO,"",""
org_kpi_values,3,kra_name,text,text,NO,"",""
org_kpi_values,4,kpi_name,text,text,NO,"",""
org_kpi_values,5,review_period,text,text,NO,"",""
org_kpi_values,6,review_year,integer,int4,NO,"",""
org_kpi_values,7,achieved_value,numeric,numeric,YES,"",""
org_kpi_values,8,data_source,text,text,YES,"",""
org_kpi_values,9,entered_by,uuid,uuid,YES,"",""
org_kpi_values,10,remarks,text,text,YES,"",""
org_kpi_values,11,created_at,timestamp with time zone,timestamptz,NO,now(),""
org_kpi_values,12,updated_at,timestamp with time zone,timestamptz,NO,now(),""
org_kpi_values,13,target_value,numeric,numeric,YES,"",""
org_kpi_values,14,r5,text,text,YES,"",""
org_kpi_values,15,r4,text,text,YES,"",""
org_kpi_values,16,r3,text,text,YES,"",""
org_kpi_values,17,r2,text,text,YES,"",""
org_kpi_values,18,r1,text,text,YES,"",""
org_kpi_values,19,r0,text,text,YES,"",""
org_kpi_values,20,criteria,text,text,YES,'Higher is Better'::text,""
org_kpi_values,21,uom_type,text,text,YES,'numeric'::text,""
org_kpi_values,22,qualitative_options,jsonb,jsonb,YES,"",""
org_kpi_values,23,department_id,uuid,uuid,YES,"",""
org_kpi_values,24,employee_id,uuid,uuid,YES,"",""
org_kpi_values,25,status,text,text,YES,'entered'::text,""
org_kpi_values,26,sent_back_by,uuid,uuid,YES,"",""
org_kpi_values,27,sent_back_at,timestamp with time zone,timestamptz,YES,"",""
org_kpi_values,28,sent_back_reason,text,text,YES,"",""
org_kpi_values,29,submission_count,integer,int4,YES,1,""
org_kpi_values,30,evidence_url,text,text,YES,"",""
org_kpi_values,31,evidence_urls,jsonb,jsonb,YES,'[]'::jsonb,""
org_kpi_values,32,is_na,boolean,bool,NO,false,""
org_kpi_values,33,sub_factors,jsonb,jsonb,YES,"",""
org_kpi_values,34,last_revision_reason,text,text,YES,"",""
org_kpi_values,35,last_revision_requested_by,uuid,uuid,YES,"",""
org_kpi_values,36,last_revision_requested_at,timestamp with time zone,timestamptz,YES,"",""
org_kpi_values,37,revision_count,integer,int4,NO,0,""
org_kpi_values,38,evidence_files,jsonb,jsonb,NO,'[]'::jsonb,""
org_kpi_values,39,division_id,uuid,uuid,YES,"",""
org_kpi_values,40,business_unit_id,uuid,uuid,YES,"",""
org_kpi_values,41,location_id,uuid,uuid,YES,"",""
org_kpi_values,42,pms_grade_id,uuid,uuid,YES,"",""
org_kpi_values,43,level_id,uuid,uuid,YES,"",""
password_rollout_logs,1,id,uuid,uuid,NO,gen_random_uuid(),""
password_rollout_logs,2,user_id,uuid,uuid,NO,"",""
password_rollout_logs,3,employee_code,text,text,YES,"",""
password_rollout_logs,4,full_name,text,text,YES,"",""
password_rollout_logs,5,email,text,text,YES,"",""
password_rollout_logs,6,generated_by,uuid,uuid,NO,"",""
password_rollout_logs,7,email_sent,boolean,bool,YES,false,""
password_rollout_logs,8,email_error,text,text,YES,"",""
password_rollout_logs,9,status,text,text,NO,'success'::text,""
password_rollout_logs,10,error_message,text,text,YES,"",""
password_rollout_logs,11,created_at,timestamp with time zone,timestamptz,NO,now(),""
performance_improvement_plans,1,id,uuid,uuid,NO,gen_random_uuid(),""
performance_improvement_plans,2,employee_id,uuid,uuid,NO,"",""
performance_improvement_plans,3,initiated_by,uuid,uuid,NO,"",""
performance_improvement_plans,4,hr_reviewer_id,uuid,uuid,YES,"",""
performance_improvement_plans,5,status,USER-DEFINED,pip_status,NO,'draft'::pip_status,""
performance_improvement_plans,6,start_date,date,date,NO,"",""
performance_improvement_plans,7,end_date,date,date,NO,"",""
performance_improvement_plans,8,extended_end_date,date,date,YES,"",""
performance_improvement_plans,9,reason,text,text,NO,"",""
performance_improvement_plans,10,improvement_areas,jsonb,jsonb,NO,'[]'::jsonb,""
performance_improvement_plans,11,success_criteria,text,text,NO,"",""
performance_improvement_plans,12,hr_remarks,text,text,YES,"",""
performance_improvement_plans,13,hr_approved_at,timestamp with time zone,timestamptz,YES,"",""
performance_improvement_plans,14,completion_remarks,text,text,YES,"",""
performance_improvement_plans,15,outcome,USER-DEFINED,pip_outcome,YES,"",""
performance_improvement_plans,16,created_at,timestamp with time zone,timestamptz,NO,now(),""
performance_improvement_plans,17,updated_at,timestamp with time zone,timestamptz,NO,now(),""
performance_reviews,1,id,uuid,uuid,NO,gen_random_uuid(),""
performance_reviews,2,employee_id,uuid,uuid,NO,"",""
performance_reviews,3,review_period,text,text,NO,"",""
performance_reviews,4,review_year,integer,int4,NO,"",""
performance_reviews,5,overall_score,numeric,numeric,YES,"",""
performance_reviews,6,overall_rating,USER-DEFINED,rating_level,YES,"",""
performance_reviews,7,status,USER-DEFINED,review_status,YES,'kra_set'::review_status,""
performance_reviews,8,manager_remarks,text,text,YES,"",""
performance_reviews,9,auditor_remarks,text,text,YES,"",""
performance_reviews,10,created_at,timestamp with time zone,timestamptz,NO,now(),""
performance_reviews,11,updated_at,timestamp with time zone,timestamptz,NO,now(),""
pip_audit_logs,1,id,uuid,uuid,NO,gen_random_uuid(),""
pip_audit_logs,2,pip_id,uuid,uuid,NO,"",""
pip_audit_logs,3,action,text,text,NO,"",""
pip_audit_logs,4,performed_by,uuid,uuid,YES,"",""
pip_audit_logs,5,old_value,jsonb,jsonb,YES,"",""
pip_audit_logs,6,new_value,jsonb,jsonb,YES,"",""
pip_audit_logs,7,metadata,jsonb,jsonb,YES,'{}'::jsonb,""
pip_audit_logs,8,created_at,timestamp with time zone,timestamptz,NO,now(),""
pip_milestones,1,id,uuid,uuid,NO,gen_random_uuid(),""
pip_milestones,2,pip_id,uuid,uuid,NO,"",""
pip_milestones,3,milestone_date,date,date,NO,"",""
pip_milestones,4,description,text,text,NO,"",""
pip_milestones,5,expected_outcome,text,text,NO,"",""
pip_milestones,6,actual_outcome,text,text,YES,"",""
pip_milestones,7,status,USER-DEFINED,pip_milestone_status,NO,'pending'::pip_milestone_status,""
pip_milestones,8,reviewed_by,uuid,uuid,YES,"",""
pip_milestones,9,reviewed_at,timestamp with time zone,timestamptz,YES,"",""
pip_milestones,10,remarks,text,text,YES,"",""
pip_milestones,11,created_at,timestamp with time zone,timestamptz,NO,now(),""
pip_milestones,12,updated_at,timestamp with time zone,timestamptz,NO,now(),""
pms_evidence_compression_jobs,1,id,uuid,uuid,NO,gen_random_uuid(),""
pms_evidence_compression_jobs,2,source_table,text,text,NO,"",""
pms_evidence_compression_jobs,3,source_id,uuid,uuid,NO,"",""
pms_evidence_compression_jobs,4,source_column,text,text,NO,"",""
pms_evidence_compression_jobs,5,array_index,integer,int4,YES,"",""
pms_evidence_compression_jobs,6,original_url,text,text,NO,"",""
pms_evidence_compression_jobs,7,original_path,text,text,YES,"",""
pms_evidence_compression_jobs,8,bucket_id,text,text,YES,"",""
pms_evidence_compression_jobs,9,mime_type,text,text,YES,"",""
pms_evidence_compression_jobs,10,original_size_bytes,bigint,int8,YES,"",""
pms_evidence_compression_jobs,11,compressed_url,text,text,YES,"",""
pms_evidence_compression_jobs,12,compressed_path,text,text,YES,"",""
pms_evidence_compression_jobs,13,compressed_size_bytes,bigint,int8,YES,"",""
pms_evidence_compression_jobs,14,status,text,text,NO,'pending'::text,""
pms_evidence_compression_jobs,15,attempts,smallint,int2,NO,0,""
pms_evidence_compression_jobs,16,last_error,text,text,YES,"",""
pms_evidence_compression_jobs,17,enqueued_at,timestamp with time zone,timestamptz,NO,now(),""
pms_evidence_compression_jobs,18,processed_at,timestamp with time zone,timestamptz,YES,"",""
pms_evidence_compression_jobs,19,rewritten_at,timestamp with time zone,timestamptz,YES,"",""
pms_grades,1,id,uuid,uuid,NO,gen_random_uuid(),""
pms_grades,2,name,text,text,NO,"",""
pms_grades,3,code,text,text,YES,"",""
pms_grades,4,description,text,text,YES,"",""
pms_grades,5,created_at,timestamp with time zone,timestamptz,NO,now(),""
pms_grades,6,level,text,text,YES,"",""
pms_grades,7,company_id,uuid,uuid,YES,"",""
pms_grades,8,family_bucket,text,text,YES,"",""
privacy_consent_settings,1,id,uuid,uuid,NO,gen_random_uuid(),""
privacy_consent_settings,2,module_key,text,text,NO,"",""
privacy_consent_settings,3,consent_key,text,text,NO,"",""
privacy_consent_settings,4,consent_label,text,text,NO,"",""
privacy_consent_settings,5,purpose,text,text,NO,"",""
privacy_consent_settings,6,data_categories,text,text,YES,"",""
privacy_consent_settings,7,lawful_basis,text,text,NO,'consent'::text,""
privacy_consent_settings,8,required,boolean,bool,NO,false,""
privacy_consent_settings,9,default_state,text,text,NO,'opt_out'::text,""
privacy_consent_settings,10,dsar_contact_email,text,text,YES,"",""
privacy_consent_settings,11,policy_url,text,text,YES,"",""
privacy_consent_settings,12,notes,text,text,YES,"",""
privacy_consent_settings,13,is_active,boolean,bool,NO,true,""
privacy_consent_settings,14,created_at,timestamp with time zone,timestamptz,NO,now(),""
privacy_consent_settings,15,updated_at,timestamp with time zone,timestamptz,NO,now(),""
privacy_consent_settings,16,created_by,uuid,uuid,YES,"",""
production_daily_entries,1,id,uuid,uuid,NO,gen_random_uuid(),""
production_daily_entries,2,program_id,uuid,uuid,NO,"",""
production_daily_entries,3,employee_id,uuid,uuid,NO,"",""
production_daily_entries,4,month,text,text,NO,"",""
production_daily_entries,5,year,integer,int4,NO,"",""
production_daily_entries,6,daily_values,jsonb,jsonb,NO,'{}'::jsonb,""
production_daily_entries,7,updated_by,uuid,uuid,YES,"",""
production_daily_entries,8,created_at,timestamp with time zone,timestamptz,YES,now(),""
production_daily_entries,9,updated_at,timestamp with time zone,timestamptz,YES,now(),""
production_targets,1,id,uuid,uuid,NO,gen_random_uuid(),""
production_targets,2,program_id,uuid,uuid,NO,"",""
production_targets,3,division_id,uuid,uuid,YES,"",""
production_targets,4,business_unit_id,uuid,uuid,YES,"",""
production_targets,5,department_id,uuid,uuid,YES,"",""
production_targets,6,sub_unit_label,text,text,YES,"",""
production_targets,7,slab_category,text,text,NO,'production'::text,""
production_targets,8,month,text,text,NO,"",""
production_targets,9,year,integer,int4,NO,"",""
production_targets,10,target_value,numeric,numeric,NO,0,""
production_targets,11,achieved_value,numeric,numeric,NO,0,""
production_targets,12,incentive_percent,numeric,numeric,NO,0,""
production_targets,13,remarks,text,text,YES,"",""
production_targets,14,updated_by,uuid,uuid,YES,"",""
production_targets,15,created_at,timestamp with time zone,timestamptz,NO,now(),""
production_targets,16,updated_at,timestamp with time zone,timestamptz,NO,now(),""
profiles,1,id,uuid,uuid,NO,"",""
profiles,2,email,text,text,YES,"",""
profiles,3,full_name,text,text,YES,"",""
profiles,4,employee_code,text,text,YES,"",""
profiles,5,designation,text,text,YES,"",""
profiles,6,pms_grade,text,text,YES,"",""
profiles,7,department_id,uuid,uuid,YES,"",""
profiles,8,reporting_manager_id,uuid,uuid,YES,"",""
profiles,9,avatar_url,text,text,YES,"",""
profiles,10,created_at,timestamp with time zone,timestamptz,NO,now(),""
profiles,11,updated_at,timestamp with time zone,timestamptz,NO,now(),""
profiles,12,level,text,text,YES,"",""
profiles,13,mobile_number,text,text,YES,"",""
profiles,14,is_active,boolean,bool,NO,true,""
profiles,15,deactivated_at,timestamp with time zone,timestamptz,YES,"",""
profiles,16,company_id,uuid,uuid,YES,"",""
profiles,17,portal_access,boolean,bool,NO,true,""
profiles,18,location_id,uuid,uuid,YES,"",""
profiles,19,has_real_email,boolean,bool,NO,true,""
profiles,20,pms_grade_id,uuid,uuid,YES,"",""
profiles,21,level_id,uuid,uuid,YES,"",""
profiles,22,group_doj,date,date,YES,"",""
profiles,23,doj,date,date,YES,"",""
profiles,24,employee_category,text,text,YES,"",""
profiles,25,employment_status,text,text,YES,"",""
profiles,26,previous_employment_status,text,text,YES,"",""
profiles,27,confirmation_date,date,date,YES,"",""
profiles,28,confirmation_increment_granted,boolean,bool,NO,false,""
profiles,29,confirmation_increment_effective_date,date,date,YES,"",""
profiles,30,is_dummy_employee,boolean,bool,NO,false,""
profiles,31,functional_manager_id,uuid,uuid,YES,"",""
profiles,32,designated_proxy_user_id,uuid,uuid,YES,"",""
profiles,33,team_queue_default_scope,text,text,YES,"",""
registry_suggestion_dismissals,1,kind,text,text,NO,"",""
registry_suggestion_dismissals,2,left_id,uuid,uuid,NO,"",""
registry_suggestion_dismissals,3,right_id,uuid,uuid,NO,"",""
registry_suggestion_dismissals,4,dismissed_by,uuid,uuid,YES,"",""
registry_suggestion_dismissals,5,dismissed_at,timestamp with time zone,timestamptz,NO,now(),""
registry_suggestion_dismissals,6,reason,text,text,YES,"",""
report_access_config,1,id,uuid,uuid,NO,gen_random_uuid(),""
report_access_config,2,report_key,text,text,NO,"",""
report_access_config,3,report_name,text,text,NO,"",""
report_access_config,4,view_roles,ARRAY,_app_role,NO,'{}'::app_role[],""
report_access_config,5,download_roles,ARRAY,_app_role,NO,'{}'::app_role[],""
report_access_config,6,created_at,timestamp with time zone,timestamptz,NO,now(),""
report_access_config,7,updated_at,timestamp with time zone,timestamptz,NO,now(),""
report_access_user_overrides,1,id,uuid,uuid,NO,gen_random_uuid(),""
report_access_user_overrides,2,report_key,text,text,NO,"",""
report_access_user_overrides,3,user_id,uuid,uuid,NO,"",""
report_access_user_overrides,4,can_view,boolean,bool,NO,true,""
report_access_user_overrides,5,can_download,boolean,bool,NO,false,""
report_access_user_overrides,6,granted_by,uuid,uuid,YES,"",""
report_access_user_overrides,7,created_at,timestamp with time zone,timestamptz,NO,now(),""
report_field_override_audit,1,id,uuid,uuid,NO,gen_random_uuid(),""
report_field_override_audit,2,report_id,text,text,NO,"",""
report_field_override_audit,3,field_key,text,text,YES,"",""
report_field_override_audit,4,client_id,uuid,uuid,YES,"",""
report_field_override_audit,5,field,text,text,NO,"",""
report_field_override_audit,6,old_value,text,text,YES,"",""
report_field_override_audit,7,new_value,text,text,YES,"",""
report_field_override_audit,8,changed_by,uuid,uuid,YES,"",""
report_field_override_audit,9,changed_at,timestamp with time zone,timestamptz,NO,now(),""
report_field_overrides,1,id,uuid,uuid,NO,gen_random_uuid(),""
report_field_overrides,2,report_id,text,text,NO,"",""
report_field_overrides,3,field_key,text,text,NO,"",""
report_field_overrides,4,client_id,uuid,uuid,YES,"",""
report_field_overrides,5,custom_label,text,text,YES,"",""
report_field_overrides,6,custom_sort,integer,int4,YES,"",""
report_field_overrides,7,is_hidden,boolean,bool,NO,false,""
report_field_overrides,8,is_active,boolean,bool,NO,true,""
report_field_overrides,9,updated_by,uuid,uuid,YES,"",""
report_field_overrides,10,updated_at,timestamp with time zone,timestamptz,NO,now(),""
report_field_registry,1,id,uuid,uuid,NO,gen_random_uuid(),""
report_field_registry,2,report_id,text,text,NO,"",""
report_field_registry,3,field_key,text,text,NO,"",""
report_field_registry,4,default_label,text,text,NO,"",""
report_field_registry,5,default_sort,integer,int4,NO,"",""
report_field_registry,6,is_required,boolean,bool,NO,false,""
report_field_registry,7,is_renamable,boolean,bool,NO,true,""
report_field_registry,8,data_type,text,text,YES,"",""
report_registry,1,report_id,text,text,NO,"",""
report_registry,2,report_key,text,text,NO,"",""
report_registry,3,module_prefix,text,text,NO,"",""
report_registry,4,display_name,text,text,NO,"",""
report_registry,5,canonical_route,text,text,NO,"",""
report_registry,6,menu_key,text,text,YES,"",""
report_registry,7,description,text,text,YES,"",""
report_registry,8,is_active,boolean,bool,NO,true,""
report_registry,9,sort_order,integer,int4,NO,0,""
report_registry,10,created_at,timestamp with time zone,timestamptz,NO,now(),""
report_registry_v2,1,report_key,text,text,NO,"",""
report_registry_v2,2,module_key,text,text,NO,"",""
report_registry_v2,3,label,text,text,NO,"",""
report_registry_v2,4,client_id,uuid,uuid,YES,"",""
report_registry_v2,5,created_at,timestamp with time zone,timestamptz,NO,now(),""
retention_policies,1,id,uuid,uuid,NO,gen_random_uuid(),""
retention_policies,2,module_key,text,text,NO,"",""
retention_policies,3,domain_key,text,text,NO,"",""
retention_policies,4,domain_label,text,text,NO,"",""
retention_policies,5,retention_days,integer,int4,YES,"",""
retention_policies,6,archive_after_days,integer,int4,YES,"",""
retention_policies,7,purge_strategy,text,text,NO,'soft_delete'::text,""
retention_policies,8,legal_hold,boolean,bool,NO,false,""
retention_policies,9,regulatory_basis,text,text,YES,"",""
retention_policies,10,owner_role,text,text,YES,"",""
retention_policies,11,notes,text,text,YES,"",""
retention_policies,12,is_active,boolean,bool,NO,true,""
retention_policies,13,created_at,timestamp with time zone,timestamptz,NO,now(),""
retention_policies,14,updated_at,timestamp with time zone,timestamptz,NO,now(),""
retention_policies,15,created_by,uuid,uuid,YES,"",""
retention_policies,16,updated_by,uuid,uuid,YES,"",""
review_action_notes,1,id,uuid,uuid,NO,gen_random_uuid(),""
review_action_notes,2,subject_employee_id,uuid,uuid,NO,"",""
review_action_notes,3,kpi_id,uuid,uuid,YES,"",""
review_action_notes,4,period_id,uuid,uuid,YES,"",""
review_action_notes,5,category,text,text,NO,'other'::text,""
review_action_notes,6,title,text,text,NO,"",""
review_action_notes,7,details,text,text,YES,"",""
review_action_notes,8,status,text,text,NO,'pending'::text,""
review_action_notes,9,priority,text,text,NO,'medium'::text,""
review_action_notes,10,assignee_id,uuid,uuid,YES,"",""
review_action_notes,11,target_period_id,uuid,uuid,YES,"",""
review_action_notes,12,created_by,uuid,uuid,NO,"",""
review_action_notes,13,created_at,timestamp with time zone,timestamptz,NO,now(),""
review_action_notes,14,updated_at,timestamp with time zone,timestamptz,NO,now(),""
review_action_notes,15,completed_at,timestamp with time zone,timestamptz,YES,"",""
review_action_notes,16,completed_by,uuid,uuid,YES,"",""
review_action_notes,17,applicable_from,date,date,YES,"",""
review_period_audit_log,1,id,uuid,uuid,NO,gen_random_uuid(),""
review_period_audit_log,2,review_period_id,uuid,uuid,NO,"",""
review_period_audit_log,3,action,text,text,NO,"",""
review_period_audit_log,4,performed_by,uuid,uuid,YES,"",""
review_period_audit_log,5,previous_state,jsonb,jsonb,YES,"",""
review_period_audit_log,6,new_state,jsonb,jsonb,YES,"",""
review_period_audit_log,7,reason,text,text,YES,"",""
review_period_audit_log,8,target_type,text,text,YES,"",""
review_period_audit_log,9,target_id,text,text,YES,"",""
review_period_audit_log,10,created_at,timestamp with time zone,timestamptz,NO,now(),""
review_period_auto_rules,1,id,uuid,uuid,NO,gen_random_uuid(),""
review_period_auto_rules,2,review_period_id,uuid,uuid,NO,"",""
review_period_auto_rules,3,rule_type,text,text,NO,"",""
review_period_auto_rules,4,trigger_condition,jsonb,jsonb,NO,'{}'::jsonb,""
review_period_auto_rules,5,action,jsonb,jsonb,NO,'{}'::jsonb,""
review_period_auto_rules,6,is_active,boolean,bool,NO,true,""
review_period_auto_rules,7,created_by,uuid,uuid,YES,"",""
review_period_auto_rules,8,created_at,timestamp with time zone,timestamptz,NO,now(),""
review_period_auto_rules,9,updated_at,timestamp with time zone,timestamptz,NO,now(),""
review_period_locks,1,id,uuid,uuid,NO,gen_random_uuid(),""
review_period_locks,2,review_period_id,uuid,uuid,NO,"",""
review_period_locks,3,lock_type,text,text,NO,"",""
review_period_locks,4,target_id,text,text,YES,"",""
review_period_locks,5,permissions,jsonb,jsonb,NO,"'{""approve"": true, ""edit_kpi"": true, ""view_only"": false, ""edit_scores"": true, ""add_comments"": true, ""submit_self_review"": true, ""submit_manager_review"": true}'::jsonb",""
review_period_locks,6,is_locked,boolean,bool,NO,true,""
review_period_locks,7,locked_by,uuid,uuid,YES,"",""
review_period_locks,8,locked_at,timestamp with time zone,timestamptz,YES,now(),""
review_period_locks,9,unlock_reason,text,text,YES,"",""
review_period_locks,10,reason,text,text,YES,"",""
review_period_locks,11,created_at,timestamp with time zone,timestamptz,NO,now(),""
review_period_locks,12,updated_at,timestamp with time zone,timestamptz,NO,now(),""
review_period_stages,1,id,uuid,uuid,NO,gen_random_uuid(),""
review_period_stages,2,review_period_id,uuid,uuid,NO,"",""
review_period_stages,3,stage,text,text,NO,"",""
review_period_stages,4,started_at,timestamp with time zone,timestamptz,NO,now(),""
review_period_stages,5,ended_at,timestamp with time zone,timestamptz,YES,"",""
review_period_stages,6,started_by,uuid,uuid,YES,"",""
review_period_stages,7,created_at,timestamp with time zone,timestamptz,NO,now(),""
review_periods,1,id,uuid,uuid,NO,gen_random_uuid(),""
review_periods,2,period_name,text,text,NO,"",""
review_periods,3,review_year,integer,int4,NO,"",""
review_periods,4,start_date,date,date,YES,"",""
review_periods,5,end_date,date,date,YES,"",""
review_periods,6,is_locked,boolean,bool,NO,false,""
review_periods,7,locked_at,timestamp with time zone,timestamptz,YES,"",""
review_periods,8,locked_by,uuid,uuid,YES,"",""
review_periods,9,created_at,timestamp with time zone,timestamptz,NO,now(),""
review_periods,10,updated_at,timestamp with time zone,timestamptz,NO,now(),""
review_periods,11,current_stage,text,text,NO,'planning'::text,""
review_periods,12,stage_started_at,timestamp with time zone,timestamptz,YES,now(),""
review_periods,13,completion_percentage,numeric,numeric,NO,0,""
review_submissions,1,id,uuid,uuid,NO,gen_random_uuid(),""
review_submissions,2,kpi_id,uuid,uuid,NO,"",""
review_submissions,3,performance_review_id,uuid,uuid,YES,"",""
review_submissions,4,achieved_value,numeric,numeric,YES,"",""
review_submissions,5,self_rating,USER-DEFINED,rating_level,YES,"",""
review_submissions,6,self_score,numeric,numeric,YES,"",""
review_submissions,7,self_remarks,text,text,YES,"",""
review_submissions,8,self_evidence_url,text,text,YES,"",""
review_submissions,9,manager_rating,USER-DEFINED,rating_level,YES,"",""
review_submissions,10,manager_score,numeric,numeric,YES,"",""
review_submissions,11,manager_remarks,text,text,YES,"",""
review_submissions,12,auditor_rating,USER-DEFINED,rating_level,YES,"",""
review_submissions,13,auditor_score,numeric,numeric,YES,"",""
review_submissions,14,auditor_remarks,text,text,YES,"",""
review_submissions,15,final_rating,USER-DEFINED,rating_level,YES,"",""
review_submissions,16,final_score,numeric,numeric,YES,"",""
review_submissions,17,submitted_at,timestamp with time zone,timestamptz,NO,now(),""
review_submissions,18,updated_at,timestamp with time zone,timestamptz,NO,now(),""
review_submissions,19,kpi_status,USER-DEFINED,kpi_status,NO,'open'::kpi_status,""
review_submissions,20,is_na,boolean,bool,NO,false,""
review_submissions,21,management_rating,USER-DEFINED,rating_level,YES,"",""
review_submissions,22,management_score,numeric,numeric,YES,"",""
review_submissions,23,management_remarks,text,text,YES,"",""
review_submissions,24,manager_evidence_url,text,text,YES,"",""
review_submissions,25,auditor_evidence_url,text,text,YES,"",""
review_submissions,26,management_evidence_url,text,text,YES,"",""
review_submissions,27,manager_achieved_value,numeric,numeric,YES,"",""
review_submissions,28,auditor_achieved_value,numeric,numeric,YES,"",""
review_submissions,29,management_achieved_value,numeric,numeric,YES,"",""
review_submissions,30,self_evidence_urls,jsonb,jsonb,YES,'[]'::jsonb,""
review_submissions,31,manager_evidence_urls,jsonb,jsonb,YES,'[]'::jsonb,""
review_submissions,32,auditor_evidence_urls,jsonb,jsonb,YES,'[]'::jsonb,""
review_submissions,33,management_evidence_urls,jsonb,jsonb,YES,'[]'::jsonb,""
review_submissions,34,skip_level_score,numeric,numeric,YES,"",""
review_submissions,35,skip_level_rating,USER-DEFINED,rating_level,YES,"",""
review_submissions,36,skip_level_remarks,text,text,YES,"",""
review_submissions,37,skip_level_evidence_url,text,text,YES,"",""
review_submissions,38,skip_level_evidence_urls,jsonb,jsonb,YES,"",""
review_submissions,39,skip_level_achieved_value,numeric,numeric,YES,"",""
review_submissions,40,hr_pms_score,numeric,numeric,YES,"",""
review_submissions,41,hr_pms_rating,USER-DEFINED,rating_level,YES,"",""
review_submissions,42,hr_pms_remarks,text,text,YES,"",""
review_submissions,43,hr_pms_evidence_url,text,text,YES,"",""
review_submissions,44,hr_pms_evidence_urls,jsonb,jsonb,YES,"",""
review_submissions,45,hr_pms_achieved_value,numeric,numeric,YES,"",""
review_submissions,46,na_marked_by_role,text,text,YES,"",""
review_submissions,47,auto_advance_reason,text,text,YES,"",""
review_submissions,48,is_group_override,boolean,bool,NO,false,""
review_submissions,49,group_write_batch_id,uuid,uuid,YES,"",""
review_submissions,50,is_auditor_override_of_hr,boolean,bool,NO,false,""
review_submissions,51,skipped_by_management,jsonb,jsonb,YES,"",""
review_submissions,52,final_revision_no,integer,int4,NO,0,""
review_submissions,53,row_version,integer,int4,NO,1,""
review_submissions,54,na_reason,text,text,YES,"",""
review_submissions,55,functional_manager_score,numeric,numeric,YES,"",""
review_submissions,56,functional_manager_rating,USER-DEFINED,rating_level,YES,"",""
review_submissions,57,functional_manager_remarks,text,text,YES,"",""
review_submissions,58,functional_manager_evidence_urls,jsonb,jsonb,YES,'[]'::jsonb,""
review_submissions,59,final_score_rule_type,text,text,YES,"",""
review_submissions,60,final_score_rule_snapshot,jsonb,jsonb,YES,"",""
review_submissions,61,final_score_explanation,text,text,YES,"",""
review_submissions,62,final_score_calculated_at,timestamp with time zone,timestamptz,YES,"",""
review_submissions,63,self_achieved_value,numeric,numeric,YES,"",""
review_submissions,64,prior_final_score,numeric,numeric,YES,"",""
review_submissions,65,prior_final_rating,text,text,YES,"",""
review_submissions,66,functional_manager_achieved_value,numeric,numeric,YES,"",""
review_submissions,67,functional_manager_evidence_url,text,text,YES,"",""
safety_asset_calibrations,1,id,uuid,uuid,NO,gen_random_uuid(),""
safety_asset_calibrations,2,asset_id,uuid,uuid,NO,"",""
safety_asset_calibrations,3,performed_by,uuid,uuid,YES,"",""
safety_asset_calibrations,4,performed_by_name,text,text,YES,"",""
safety_asset_calibrations,5,performed_at,timestamp with time zone,timestamptz,NO,"",""
safety_asset_calibrations,6,next_due_at,timestamp with time zone,timestamptz,NO,"",""
safety_asset_calibrations,7,certificate_url,text,text,YES,"",""
safety_asset_calibrations,8,notes,text,text,YES,"",""
safety_asset_calibrations,9,created_by,uuid,uuid,YES,"",""
safety_asset_calibrations,10,created_at,timestamp with time zone,timestamptz,NO,now(),""
safety_asset_evidence,1,id,uuid,uuid,NO,gen_random_uuid(),""
safety_asset_evidence,2,asset_id,uuid,uuid,NO,"",""
safety_asset_evidence,3,kind,text,text,NO,"",""
safety_asset_evidence,4,file_path,text,text,NO,"",""
safety_asset_evidence,5,caption,text,text,YES,"",""
safety_asset_evidence,6,uploaded_by,uuid,uuid,YES,"",""
safety_asset_evidence,7,uploaded_at,timestamp with time zone,timestamptz,NO,now(),""
safety_assets,1,id,uuid,uuid,NO,gen_random_uuid(),""
safety_assets,2,asset_code,text,text,NO,"",""
safety_assets,3,name,text,text,NO,"",""
safety_assets,4,category,text,text,NO,"",""
safety_assets,5,business_unit_id,uuid,uuid,YES,"",""
safety_assets,6,department_id,uuid,uuid,YES,"",""
safety_assets,7,location,text,text,YES,"",""
safety_assets,8,manufacturer,text,text,YES,"",""
safety_assets,9,model,text,text,YES,"",""
safety_assets,10,serial_no,text,text,YES,"",""
safety_assets,11,install_date,date,date,YES,"",""
safety_assets,12,calibration_required,boolean,bool,NO,false,""
safety_assets,13,calibration_interval_days,integer,int4,YES,"",""
safety_assets,14,last_calibration_at,timestamp with time zone,timestamptz,YES,"",""
safety_assets,15,calibration_expires_at,timestamp with time zone,timestamptz,YES,"",""
safety_assets,16,status,USER-DEFINED,safety_asset_status,NO,'active'::safety_asset_status,""
safety_assets,17,notes,text,text,YES,"",""
safety_assets,18,created_by,uuid,uuid,YES,"",""
safety_assets,19,created_at,timestamp with time zone,timestamptz,NO,now(),""
safety_assets,20,updated_at,timestamp with time zone,timestamptz,NO,now(),""
safety_audit_log,1,id,uuid,uuid,NO,gen_random_uuid(),""
safety_audit_log,2,event_type,text,text,NO,"",""
safety_audit_log,3,entity_type,text,text,NO,"",""
safety_audit_log,4,entity_id,uuid,uuid,YES,"",""
safety_audit_log,5,performed_by,uuid,uuid,YES,"",""
safety_audit_log,6,details,jsonb,jsonb,NO,'{}'::jsonb,""
safety_audit_log,7,created_at,timestamp with time zone,timestamptz,NO,now(),""
safety_audit_run_responses,1,id,uuid,uuid,NO,gen_random_uuid(),""
safety_audit_run_responses,2,run_id,uuid,uuid,NO,"",""
safety_audit_run_responses,3,item_id,uuid,uuid,NO,"",""
safety_audit_run_responses,4,answer,USER-DEFINED,safety_audit_answer,NO,"",""
safety_audit_run_responses,5,score,numeric,numeric,NO,0,""
safety_audit_run_responses,6,notes,text,text,YES,"",""
safety_audit_run_responses,7,evidence_path,text,text,YES,"",""
safety_audit_run_responses,8,auto_incident_id,uuid,uuid,YES,"",""
safety_audit_run_responses,9,created_by,uuid,uuid,YES,"",""
safety_audit_run_responses,10,created_at,timestamp with time zone,timestamptz,NO,now(),""
safety_audit_run_responses,11,updated_at,timestamp with time zone,timestamptz,NO,now(),""
safety_audit_runs,1,id,uuid,uuid,NO,gen_random_uuid(),""
safety_audit_runs,2,template_id,uuid,uuid,NO,"",""
safety_audit_runs,3,business_unit_id,uuid,uuid,YES,"",""
safety_audit_runs,4,department_id,uuid,uuid,YES,"",""
safety_audit_runs,5,location,text,text,YES,"",""
safety_audit_runs,6,conducted_by,uuid,uuid,YES,"",""
safety_audit_runs,7,conducted_at,timestamp with time zone,timestamptz,NO,now(),""
safety_audit_runs,8,status,USER-DEFINED,safety_audit_run_status,NO,'draft'::safety_audit_run_status,""
safety_audit_runs,9,score,numeric,numeric,YES,"",""
safety_audit_runs,10,critical_failures,integer,int4,NO,0,""
safety_audit_runs,11,reviewed_by,uuid,uuid,YES,"",""
safety_audit_runs,12,reviewed_at,timestamp with time zone,timestamptz,YES,"",""
safety_audit_runs,13,summary,text,text,YES,"",""
safety_audit_runs,14,created_at,timestamp with time zone,timestamptz,NO,now(),""
safety_audit_runs,15,updated_at,timestamp with time zone,timestamptz,NO,now(),""
safety_audit_template_items,1,id,uuid,uuid,NO,gen_random_uuid(),""
safety_audit_template_items,2,template_id,uuid,uuid,NO,"",""
safety_audit_template_items,3,section,text,text,NO,'General'::text,""
safety_audit_template_items,4,prompt,text,text,NO,"",""
safety_audit_template_items,5,weight,numeric,numeric,NO,1,""
safety_audit_template_items,6,is_critical,boolean,bool,NO,false,""
safety_audit_template_items,7,evidence_required,boolean,bool,NO,false,""
safety_audit_template_items,8,sort_order,integer,int4,NO,0,""
safety_audit_template_items,9,created_at,timestamp with time zone,timestamptz,NO,now(),""
safety_audit_templates,1,id,uuid,uuid,NO,gen_random_uuid(),""
safety_audit_templates,2,code,text,text,NO,"",""
safety_audit_templates,3,title,text,text,NO,"",""
safety_audit_templates,4,description,text,text,YES,"",""
safety_audit_templates,5,category,text,text,NO,'general'::text,""
safety_audit_templates,6,version,integer,int4,NO,1,""
safety_audit_templates,7,is_active,boolean,bool,NO,true,""
safety_audit_templates,8,created_by,uuid,uuid,YES,"",""
safety_audit_templates,9,created_at,timestamp with time zone,timestamptz,NO,now(),""
safety_audit_templates,10,updated_at,timestamp with time zone,timestamptz,NO,now(),""
safety_drill_findings,1,id,uuid,uuid,NO,gen_random_uuid(),""
safety_drill_findings,2,drill_id,uuid,uuid,NO,"",""
safety_drill_findings,3,severity,text,text,NO,'low'::text,""
safety_drill_findings,4,observation,text,text,NO,"",""
safety_drill_findings,5,corrective_action,text,text,YES,"",""
safety_drill_findings,6,owner_id,uuid,uuid,YES,"",""
safety_drill_findings,7,due_date,date,date,YES,"",""
safety_drill_findings,8,resolved_at,timestamp with time zone,timestamptz,YES,"",""
safety_drill_findings,9,created_by,uuid,uuid,YES,"",""
safety_drill_findings,10,created_at,timestamp with time zone,timestamptz,NO,now(),""
safety_drill_findings,11,updated_at,timestamp with time zone,timestamptz,NO,now(),""
safety_drill_participants,1,id,uuid,uuid,NO,gen_random_uuid(),""
safety_drill_participants,2,drill_id,uuid,uuid,NO,"",""
safety_drill_participants,3,user_id,uuid,uuid,NO,"",""
safety_drill_participants,4,role,text,text,YES,"",""
safety_drill_participants,5,mustered_at,timestamp with time zone,timestamptz,YES,"",""
safety_drill_participants,6,accounted_for,boolean,bool,NO,false,""
safety_drill_participants,7,notes,text,text,YES,"",""
safety_drill_participants,8,created_at,timestamp with time zone,timestamptz,NO,now(),""
safety_drill_participants,9,updated_at,timestamp with time zone,timestamptz,NO,now(),""
safety_drill_runs,1,id,uuid,uuid,NO,gen_random_uuid(),""
safety_drill_runs,2,drill_id,uuid,uuid,NO,"",""
safety_drill_runs,3,backup_id,uuid,uuid,YES,"",""
safety_drill_runs,4,ok,boolean,bool,NO,"",""
safety_drill_runs,5,started_at,timestamp with time zone,timestamptz,NO,"",""
safety_drill_runs,6,finished_at,timestamp with time zone,timestamptz,NO,"",""
safety_drill_runs,7,baseline,jsonb,jsonb,NO,'{}'::jsonb,""
safety_drill_runs,8,after,jsonb,jsonb,NO,'{}'::jsonb,""
safety_drill_runs,9,deltas,jsonb,jsonb,NO,'[]'::jsonb,""
safety_drill_runs,10,errors,jsonb,jsonb,YES,"",""
safety_drill_runs,11,performed_by,uuid,uuid,YES,"",""
safety_drill_runs,12,system_run,boolean,bool,NO,false,""
safety_drill_runs,13,created_at,timestamp with time zone,timestamptz,NO,now(),""
safety_emergency_contacts,1,id,uuid,uuid,NO,gen_random_uuid(),""
safety_emergency_contacts,2,name,text,text,NO,"",""
safety_emergency_contacts,3,role_title,text,text,YES,"",""
safety_emergency_contacts,4,phone_primary,text,text,NO,"",""
safety_emergency_contacts,5,phone_alt,text,text,YES,"",""
safety_emergency_contacts,6,email,text,text,YES,"",""
safety_emergency_contacts,7,business_unit_id,uuid,uuid,YES,"",""
safety_emergency_contacts,8,location,text,text,YES,"",""
safety_emergency_contacts,9,contact_type,USER-DEFINED,safety_emergency_contact_type,NO,'internal'::safety_emergency_contact_type,""
safety_emergency_contacts,10,sort_order,integer,int4,NO,0,""
safety_emergency_contacts,11,is_active,boolean,bool,NO,true,""
safety_emergency_contacts,12,created_by,uuid,uuid,YES,"",""
safety_emergency_contacts,13,created_at,timestamp with time zone,timestamptz,NO,now(),""
safety_emergency_contacts,14,updated_at,timestamp with time zone,timestamptz,NO,now(),""
safety_emergency_drills,1,id,uuid,uuid,NO,gen_random_uuid(),""
safety_emergency_drills,2,drill_code,text,text,NO,"",""
safety_emergency_drills,3,type,USER-DEFINED,safety_drill_type,NO,"",""
safety_emergency_drills,4,scenario,text,text,NO,"",""
safety_emergency_drills,5,business_unit_id,uuid,uuid,YES,"",""
safety_emergency_drills,6,location,text,text,YES,"",""
safety_emergency_drills,7,scheduled_at,timestamp with time zone,timestamptz,NO,"",""
safety_emergency_drills,8,started_at,timestamp with time zone,timestamptz,YES,"",""
safety_emergency_drills,9,completed_at,timestamp with time zone,timestamptz,YES,"",""
safety_emergency_drills,10,evacuation_seconds,integer,int4,YES,"",""
safety_emergency_drills,11,score,numeric,numeric,YES,"",""
safety_emergency_drills,12,status,USER-DEFINED,safety_drill_status,NO,'scheduled'::safety_drill_status,""
safety_emergency_drills,13,conducted_by,uuid,uuid,YES,"",""
safety_emergency_drills,14,reviewed_by,uuid,uuid,YES,"",""
safety_emergency_drills,15,reviewed_at,timestamp with time zone,timestamptz,YES,"",""
safety_emergency_drills,16,summary,text,text,YES,"",""
safety_emergency_drills,17,created_by,uuid,uuid,YES,"",""
safety_emergency_drills,18,created_at,timestamp with time zone,timestamptz,NO,now(),""
safety_emergency_drills,19,updated_at,timestamp with time zone,timestamptz,NO,now(),""
safety_incident_evidence,1,id,uuid,uuid,NO,gen_random_uuid(),""
safety_incident_evidence,2,incident_id,uuid,uuid,NO,"",""
safety_incident_evidence,3,stage,USER-DEFINED,safety_evidence_stage,NO,"",""
safety_incident_evidence,4,file_path,text,text,NO,"",""
safety_incident_evidence,5,file_name,text,text,NO,"",""
safety_incident_evidence,6,mime_type,text,text,YES,"",""
safety_incident_evidence,7,size_bytes,bigint,int8,YES,"",""
safety_incident_evidence,8,uploaded_by,uuid,uuid,NO,"",""
safety_incident_evidence,9,uploaded_at,timestamp with time zone,timestamptz,NO,now(),""
safety_incident_evidence,10,compression_status,text,text,NO,'pending'::text,""
safety_incident_evidence,11,original_size_bytes,bigint,int8,YES,"",""
safety_incident_evidence,12,compressed_at,timestamp with time zone,timestamptz,YES,"",""
safety_incident_evidence,13,compression_attempts,smallint,int2,NO,0,""
safety_incident_evidence,14,compression_error,text,text,YES,"",""
safety_incident_evidence,15,original_file_path,text,text,YES,"",""
safety_incident_evidence,16,original_file_name,text,text,YES,"",""
safety_incident_progress_logs,1,id,uuid,uuid,NO,gen_random_uuid(),""
safety_incident_progress_logs,2,incident_id,uuid,uuid,NO,"",""
safety_incident_progress_logs,3,stage,USER-DEFINED,safety_incident_status,NO,"",""
safety_incident_progress_logs,4,note,text,text,NO,"",""
safety_incident_progress_logs,5,logged_by,uuid,uuid,NO,"",""
safety_incident_progress_logs,6,created_at,timestamp with time zone,timestamptz,NO,now(),""
safety_incident_routing_rules,1,id,uuid,uuid,NO,gen_random_uuid(),""
safety_incident_routing_rules,2,business_unit_id,uuid,uuid,NO,"",""
safety_incident_routing_rules,3,department_id,uuid,uuid,YES,"",""
safety_incident_routing_rules,4,bu_head_id,uuid,uuid,NO,"",""
safety_incident_routing_rules,5,manager_id,uuid,uuid,YES,"",""
safety_incident_routing_rules,6,second_manager_id,uuid,uuid,YES,"",""
safety_incident_routing_rules,7,is_active,boolean,bool,NO,true,""
safety_incident_routing_rules,8,created_by,uuid,uuid,YES,"",""
safety_incident_routing_rules,9,updated_by,uuid,uuid,YES,"",""
safety_incident_routing_rules,10,created_at,timestamp with time zone,timestamptz,NO,now(),""
safety_incident_routing_rules,11,updated_at,timestamp with time zone,timestamptz,NO,now(),""
safety_incident_severities,1,id,uuid,uuid,NO,gen_random_uuid(),""
safety_incident_severities,2,incident_type_id,uuid,uuid,NO,"",""
safety_incident_severities,3,code,text,text,NO,"",""
safety_incident_severities,4,label,text,text,NO,"",""
safety_incident_severities,5,sort_order,integer,int4,NO,0,""
safety_incident_severities,6,is_active,boolean,bool,NO,true,""
safety_incident_severities,7,created_by,uuid,uuid,YES,"",""
safety_incident_severities,8,updated_by,uuid,uuid,YES,"",""
safety_incident_severities,9,created_at,timestamp with time zone,timestamptz,NO,now(),""
safety_incident_severities,10,updated_at,timestamp with time zone,timestamptz,NO,now(),""
safety_incident_sla_rules,1,id,uuid,uuid,NO,gen_random_uuid(),""
safety_incident_sla_rules,2,incident_type,USER-DEFINED,safety_incident_type,NO,"",""
safety_incident_sla_rules,3,severity,USER-DEFINED,safety_incident_severity,NO,"",""
safety_incident_sla_rules,4,priority,USER-DEFINED,safety_priority,YES,"",""
safety_incident_sla_rules,5,target_hours,integer,int4,NO,"",""
safety_incident_sla_rules,6,amber_threshold_pct,integer,int4,NO,50,""
safety_incident_sla_rules,7,is_active,boolean,bool,NO,true,""
safety_incident_sla_rules,8,notes,text,text,YES,"",""
safety_incident_sla_rules,9,created_by,uuid,uuid,YES,"",""
safety_incident_sla_rules,10,updated_by,uuid,uuid,YES,"",""
safety_incident_sla_rules,11,created_at,timestamp with time zone,timestamptz,NO,now(),""
safety_incident_sla_rules,12,updated_at,timestamp with time zone,timestamptz,NO,now(),""
safety_incident_sla_rules,13,incident_type_id,uuid,uuid,YES,"",""
safety_incident_sla_rules,14,severity_id,uuid,uuid,YES,"",""
safety_incident_timeline,1,id,uuid,uuid,NO,gen_random_uuid(),""
safety_incident_timeline,2,incident_id,uuid,uuid,NO,"",""
safety_incident_timeline,3,from_status,USER-DEFINED,safety_incident_status,YES,"",""
safety_incident_timeline,4,to_status,USER-DEFINED,safety_incident_status,NO,"",""
safety_incident_timeline,5,changed_by,uuid,uuid,YES,"",""
safety_incident_timeline,6,notes,text,text,YES,"",""
safety_incident_timeline,7,created_at,timestamp with time zone,timestamptz,NO,now(),""
safety_incident_types,1,id,uuid,uuid,NO,gen_random_uuid(),""
safety_incident_types,2,code,text,text,NO,"",""
safety_incident_types,3,name,text,text,NO,"",""
safety_incident_types,4,description,text,text,YES,"",""
safety_incident_types,5,is_active,boolean,bool,NO,true,""
safety_incident_types,6,sort_order,integer,int4,NO,0,""
safety_incident_types,7,created_by,uuid,uuid,YES,"",""
safety_incident_types,8,updated_by,uuid,uuid,YES,"",""
safety_incident_types,9,created_at,timestamp with time zone,timestamptz,NO,now(),""
safety_incident_types,10,updated_at,timestamp with time zone,timestamptz,NO,now(),""
safety_incidents,1,id,uuid,uuid,NO,gen_random_uuid(),""
safety_incidents,2,incident_number,text,text,YES,"",""
safety_incidents,3,client_submission_id,uuid,uuid,NO,gen_random_uuid(),""
safety_incidents,4,reporter_id,uuid,uuid,NO,"",""
safety_incidents,5,business_unit_id,uuid,uuid,YES,"",""
safety_incidents,6,department_id,uuid,uuid,YES,"",""
safety_incidents,7,incident_type,USER-DEFINED,safety_incident_type,NO,"",""
safety_incidents,8,severity,USER-DEFINED,safety_incident_severity,NO,"",""
safety_incidents,9,status,USER-DEFINED,safety_incident_status,NO,'reported'::safety_incident_status,""
safety_incidents,10,title,text,text,NO,"",""
safety_incidents,11,description,text,text,NO,"",""
safety_incidents,12,location,text,text,NO,"",""
safety_incidents,13,occurred_at,timestamp with time zone,timestamptz,NO,now(),""
safety_incidents,14,involved_person_id,uuid,uuid,YES,"",""
safety_incidents,15,involved_person_name,text,text,YES,"",""
safety_incidents,16,assigned_to,uuid,uuid,YES,"",""
safety_incidents,17,assigned_at,timestamp with time zone,timestamptz,YES,"",""
safety_incidents,18,acknowledge_due_at,timestamp with time zone,timestamptz,NO,"",""
safety_incidents,19,close_due_at,timestamp with time zone,timestamptz,NO,"",""
safety_incidents,20,closed_at,timestamp with time zone,timestamptz,YES,"",""
safety_incidents,21,closed_by,uuid,uuid,YES,"",""
safety_incidents,22,rca_summary,text,text,YES,"",""
safety_incidents,23,capa_summary,text,text,YES,"",""
safety_incidents,24,verification_notes,text,text,YES,"",""
safety_incidents,25,created_at,timestamp with time zone,timestamptz,NO,now(),""
safety_incidents,26,updated_at,timestamp with time zone,timestamptz,NO,now(),""
safety_incidents,27,routed_bu_head_id,uuid,uuid,YES,"",""
safety_incidents,28,routed_manager_id,uuid,uuid,YES,"",""
safety_incidents,29,routed_second_manager_id,uuid,uuid,YES,"",""
safety_incidents,30,routing_status,text,text,NO,'unrouted'::text,""
safety_incidents,31,safety_head_id,uuid,uuid,YES,"",""
safety_incidents,32,verifier_id,uuid,uuid,YES,"",""
safety_incidents,33,priority,USER-DEFINED,safety_priority,NO,'medium'::safety_priority,""
safety_incidents,34,sla_rule_id,uuid,uuid,YES,"",""
safety_incidents,35,sla_start_at,timestamp with time zone,timestamptz,YES,"",""
safety_incidents,36,sla_due_at,timestamp with time zone,timestamptz,YES,"",""
safety_incidents,37,sla_target_hours,integer,int4,YES,"",""
safety_incidents,38,sla_amber_threshold_pct,integer,int4,YES,"",""
safety_incidents,39,incident_type_id,uuid,uuid,YES,"",""
safety_incidents,40,severity_id,uuid,uuid,YES,"",""
safety_incidents,41,type_label_snapshot,text,text,YES,"",""
safety_incidents,42,severity_label_snapshot,text,text,YES,"",""
safety_incidents,43,actual_reporter_id,uuid,uuid,YES,"",""
safety_incidents,44,duplicate_of_id,uuid,uuid,YES,"",""
safety_incidents,45,marked_duplicate_by,uuid,uuid,YES,"",""
safety_incidents,46,marked_duplicate_at,timestamp with time zone,timestamptz,YES,"",""
safety_incidents,47,duplicate_remarks,text,text,YES,"",""
safety_incidents_with_sla,1,id,uuid,uuid,YES,"",""
safety_incidents_with_sla,2,incident_number,text,text,YES,"",""
safety_incidents_with_sla,3,client_submission_id,uuid,uuid,YES,"",""
safety_incidents_with_sla,4,reporter_id,uuid,uuid,YES,"",""
safety_incidents_with_sla,5,business_unit_id,uuid,uuid,YES,"",""
safety_incidents_with_sla,6,department_id,uuid,uuid,YES,"",""
safety_incidents_with_sla,7,incident_type,USER-DEFINED,safety_incident_type,YES,"",""
safety_incidents_with_sla,8,severity,USER-DEFINED,safety_incident_severity,YES,"",""
safety_incidents_with_sla,9,status,USER-DEFINED,safety_incident_status,YES,"",""
safety_incidents_with_sla,10,title,text,text,YES,"",""
safety_incidents_with_sla,11,description,text,text,YES,"",""
safety_incidents_with_sla,12,location,text,text,YES,"",""
safety_incidents_with_sla,13,occurred_at,timestamp with time zone,timestamptz,YES,"",""
safety_incidents_with_sla,14,involved_person_id,uuid,uuid,YES,"",""
safety_incidents_with_sla,15,involved_person_name,text,text,YES,"",""
safety_incidents_with_sla,16,assigned_to,uuid,uuid,YES,"",""
safety_incidents_with_sla,17,assigned_at,timestamp with time zone,timestamptz,YES,"",""
safety_incidents_with_sla,18,acknowledge_due_at,timestamp with time zone,timestamptz,YES,"",""
safety_incidents_with_sla,19,close_due_at,timestamp with time zone,timestamptz,YES,"",""
safety_incidents_with_sla,20,closed_at,timestamp with time zone,timestamptz,YES,"",""
safety_incidents_with_sla,21,closed_by,uuid,uuid,YES,"",""
safety_incidents_with_sla,22,rca_summary,text,text,YES,"",""
safety_incidents_with_sla,23,capa_summary,text,text,YES,"",""
safety_incidents_with_sla,24,verification_notes,text,text,YES,"",""
safety_incidents_with_sla,25,created_at,timestamp with time zone,timestamptz,YES,"",""
safety_incidents_with_sla,26,updated_at,timestamp with time zone,timestamptz,YES,"",""
safety_incidents_with_sla,27,sla_state,text,text,YES,"",""
safety_incidents_with_sla,28,routed_bu_head_id,uuid,uuid,YES,"",""
safety_incidents_with_sla,29,routed_manager_id,uuid,uuid,YES,"",""
safety_incidents_with_sla,30,routed_second_manager_id,uuid,uuid,YES,"",""
safety_incidents_with_sla,31,routing_status,text,text,YES,"",""
safety_incidents_with_sla,32,safety_head_id,uuid,uuid,YES,"",""
safety_incidents_with_sla,33,verifier_id,uuid,uuid,YES,"",""
safety_incidents_with_sla,34,priority,USER-DEFINED,safety_priority,YES,"",""
safety_incidents_with_sla,35,sla_rule_id,uuid,uuid,YES,"",""
safety_incidents_with_sla,36,sla_start_at,timestamp with time zone,timestamptz,YES,"",""
safety_incidents_with_sla,37,sla_due_at,timestamp with time zone,timestamptz,YES,"",""
safety_incidents_with_sla,38,sla_target_hours,integer,int4,YES,"",""
safety_incidents_with_sla,39,sla_amber_threshold_pct,integer,int4,YES,"",""
safety_incidents_with_sla,40,sla_status,text,text,YES,"",""
safety_incidents_with_sla,41,incident_type_id,uuid,uuid,YES,"",""
safety_incidents_with_sla,42,severity_id,uuid,uuid,YES,"",""
safety_incidents_with_sla,43,type_label_snapshot,text,text,YES,"",""
safety_incidents_with_sla,44,severity_label_snapshot,text,text,YES,"",""
safety_master_data,1,id,uuid,uuid,NO,gen_random_uuid(),""
safety_master_data,2,category,text,text,NO,"",""
safety_master_data,3,code,text,text,NO,"",""
safety_master_data,4,label,text,text,NO,"",""
safety_master_data,5,parent_id,uuid,uuid,YES,"",""
safety_master_data,6,sort_order,integer,int4,NO,0,""
safety_master_data,7,is_active,boolean,bool,NO,true,""
safety_master_data,8,metadata,jsonb,jsonb,NO,'{}'::jsonb,""
safety_master_data,9,created_at,timestamp with time zone,timestamptz,NO,now(),""
safety_master_data,10,updated_at,timestamp with time zone,timestamptz,NO,now(),""
safety_master_data,11,created_by,uuid,uuid,YES,"",""
safety_module_access,1,user_id,uuid,uuid,NO,"",""
safety_module_access,2,can_view,boolean,bool,NO,true,""
safety_module_access,3,can_edit,boolean,bool,NO,false,""
safety_module_access,4,granted_by,uuid,uuid,YES,"",""
safety_module_access,5,granted_at,timestamp with time zone,timestamptz,NO,now(),""
safety_module_access,6,created_at,timestamp with time zone,timestamptz,NO,now(),""
safety_module_access,7,updated_at,timestamp with time zone,timestamptz,NO,now(),""
safety_notifications,1,id,uuid,uuid,NO,gen_random_uuid(),""
safety_notifications,2,recipient_id,uuid,uuid,NO,"",""
safety_notifications,3,incident_id,uuid,uuid,YES,"",""
safety_notifications,4,kind,text,text,NO,"",""
safety_notifications,5,title,text,text,NO,"",""
safety_notifications,6,body,text,text,YES,"",""
safety_notifications,7,payload,jsonb,jsonb,NO,'{}'::jsonb,""
safety_notifications,8,is_read,boolean,bool,NO,false,""
safety_notifications,9,read_at,timestamp with time zone,timestamptz,YES,"",""
safety_notifications,10,created_at,timestamp with time zone,timestamptz,NO,now(),""
safety_permission_keys,1,key,text,text,NO,"",""
safety_permission_keys,2,category,text,text,NO,"",""
safety_permission_keys,3,label,text,text,NO,"",""
safety_permission_keys,4,description,text,text,YES,"",""
safety_permission_keys,5,sort_order,integer,int4,NO,0,""
safety_permission_keys,6,is_active,boolean,bool,NO,true,""
safety_permission_keys,7,created_at,timestamp with time zone,timestamptz,NO,now(),""
safety_permit_approvals,1,id,uuid,uuid,NO,gen_random_uuid(),""
safety_permit_approvals,2,permit_id,uuid,uuid,NO,"",""
safety_permit_approvals,3,level,smallint,int2,NO,"",""
safety_permit_approvals,4,approver_role,USER-DEFINED,safety_app_role,NO,"",""
safety_permit_approvals,5,approver_id,uuid,uuid,YES,"",""
safety_permit_approvals,6,decision,text,text,YES,"",""
safety_permit_approvals,7,decided_at,timestamp with time zone,timestamptz,YES,"",""
safety_permit_approvals,8,notes,text,text,YES,"",""
safety_permit_approvals,9,created_at,timestamp with time zone,timestamptz,NO,now(),""
safety_permit_evidence,1,id,uuid,uuid,NO,gen_random_uuid(),""
safety_permit_evidence,2,permit_id,uuid,uuid,NO,"",""
safety_permit_evidence,3,stage,text,text,NO,"",""
safety_permit_evidence,4,file_path,text,text,NO,"",""
safety_permit_evidence,5,file_name,text,text,NO,"",""
safety_permit_evidence,6,mime_type,text,text,YES,"",""
safety_permit_evidence,7,size_bytes,bigint,int8,YES,"",""
safety_permit_evidence,8,uploaded_by,uuid,uuid,NO,"",""
safety_permit_evidence,9,uploaded_at,timestamp with time zone,timestamptz,NO,now(),""
safety_permit_hira,1,id,uuid,uuid,NO,gen_random_uuid(),""
safety_permit_hira,2,permit_id,uuid,uuid,NO,"",""
safety_permit_hira,3,hazard,text,text,NO,"",""
safety_permit_hira,4,risk_before,text,text,NO,"",""
safety_permit_hira,5,controls,text,text,NO,"",""
safety_permit_hira,6,risk_after,text,text,NO,"",""
safety_permit_hira,7,created_at,timestamp with time zone,timestamptz,NO,now(),""
safety_permit_loto_steps,1,id,uuid,uuid,NO,gen_random_uuid(),""
safety_permit_loto_steps,2,permit_id,uuid,uuid,NO,"",""
safety_permit_loto_steps,3,step_no,smallint,int2,NO,"",""
safety_permit_loto_steps,4,description,text,text,NO,"",""
safety_permit_loto_steps,5,isolated_by,uuid,uuid,YES,"",""
safety_permit_loto_steps,6,isolated_at,timestamp with time zone,timestamptz,YES,"",""
safety_permit_loto_steps,7,verified_by,uuid,uuid,YES,"",""
safety_permit_loto_steps,8,verified_at,timestamp with time zone,timestamptz,YES,"",""
safety_permit_loto_steps,9,removed_by,uuid,uuid,YES,"",""
safety_permit_loto_steps,10,removed_at,timestamp with time zone,timestamptz,YES,"",""
safety_permit_loto_steps,11,created_at,timestamp with time zone,timestamptz,NO,now(),""
safety_permit_type_config,1,id,uuid,uuid,NO,gen_random_uuid(),""
safety_permit_type_config,2,permit_type,USER-DEFINED,safety_permit_type,NO,"",""
safety_permit_type_config,3,level,smallint,int2,NO,"",""
safety_permit_type_config,4,approver_role,USER-DEFINED,safety_app_role,NO,"",""
safety_permit_type_config,5,label,text,text,NO,"",""
safety_permit_type_config,6,is_active,boolean,bool,NO,true,""
safety_permit_type_config,7,created_at,timestamp with time zone,timestamptz,NO,now(),""
safety_permit_type_config,8,updated_at,timestamp with time zone,timestamptz,NO,now(),""
safety_permits,1,id,uuid,uuid,NO,gen_random_uuid(),""
safety_permits,2,permit_number,text,text,YES,"",""
safety_permits,3,permit_type,USER-DEFINED,safety_permit_type,NO,"",""
safety_permits,4,status,USER-DEFINED,safety_permit_status,NO,'draft'::safety_permit_status,""
safety_permits,5,requested_by,uuid,uuid,NO,"",""
safety_permits,6,business_unit_id,uuid,uuid,YES,"",""
safety_permits,7,department_id,uuid,uuid,YES,"",""
safety_permits,8,location,text,text,NO,"",""
safety_permits,9,scope,text,text,NO,"",""
safety_permits,10,start_at,timestamp with time zone,timestamptz,NO,"",""
safety_permits,11,end_at,timestamp with time zone,timestamptz,NO,"",""
safety_permits,12,hira_summary,text,text,YES,"",""
safety_permits,13,loto_required,boolean,bool,NO,false,""
safety_permits,14,current_level,smallint,int2,NO,0,""
safety_permits,15,total_levels,smallint,int2,NO,0,""
safety_permits,16,linked_asset_ids,ARRAY,_uuid,NO,'{}'::uuid[],""
safety_permits,17,rejection_reason,text,text,YES,"",""
safety_permits,18,suspended_reason,text,text,YES,"",""
safety_permits,19,closed_by,uuid,uuid,YES,"",""
safety_permits,20,closed_at,timestamp with time zone,timestamptz,YES,"",""
safety_permits,21,expired_at,timestamp with time zone,timestamptz,YES,"",""
safety_permits,22,created_at,timestamp with time zone,timestamptz,NO,now(),""
safety_permits,23,updated_at,timestamp with time zone,timestamptz,NO,now(),""
safety_role_permissions,1,role,USER-DEFINED,safety_app_role,NO,"",""
safety_role_permissions,2,permission_key,text,text,NO,"",""
safety_role_permissions,3,is_allowed,boolean,bool,NO,true,""
safety_role_permissions,4,updated_at,timestamp with time zone,timestamptz,NO,now(),""
safety_role_permissions,5,updated_by,uuid,uuid,YES,"",""
safety_settings,1,key,text,text,NO,"",""
safety_settings,2,value,jsonb,jsonb,NO,"",""
safety_settings,3,description,text,text,YES,"",""
safety_settings,4,updated_at,timestamp with time zone,timestamptz,NO,now(),""
safety_settings,5,updated_by,uuid,uuid,YES,"",""
safety_severity_sla,1,severity,USER-DEFINED,safety_incident_severity,NO,"",""
safety_severity_sla,2,acknowledge_hours,integer,int4,NO,"",""
safety_severity_sla,3,close_hours,integer,int4,NO,"",""
safety_severity_sla,4,amber_threshold_pct,integer,int4,NO,75,""
safety_severity_sla,5,updated_at,timestamp with time zone,timestamptz,NO,now(),""
safety_sla_escalations,1,id,uuid,uuid,NO,gen_random_uuid(),""
safety_sla_escalations,2,incident_id,uuid,uuid,NO,"",""
safety_sla_escalations,3,level,text,text,NO,"",""
safety_sla_escalations,4,notified_at,timestamp with time zone,timestamptz,NO,now(),""
safety_sla_escalations,5,recipient_count,integer,int4,NO,0,""
safety_user_permission_overrides,1,user_id,uuid,uuid,NO,"",""
safety_user_permission_overrides,2,permission_key,text,text,NO,"",""
safety_user_permission_overrides,3,effect,text,text,NO,"",""
safety_user_permission_overrides,4,reason,text,text,YES,"",""
safety_user_permission_overrides,5,created_at,timestamp with time zone,timestamptz,NO,now(),""
safety_user_permission_overrides,6,created_by,uuid,uuid,YES,"",""
safety_user_roles,1,id,uuid,uuid,NO,gen_random_uuid(),""
safety_user_roles,2,user_id,uuid,uuid,NO,"",""
safety_user_roles,3,role,USER-DEFINED,safety_app_role,NO,"",""
safety_user_roles,4,business_unit_id,uuid,uuid,YES,"",""
safety_user_roles,5,department_id,uuid,uuid,YES,"",""
safety_user_roles,6,assigned_by,uuid,uuid,YES,"",""
safety_user_roles,7,assigned_at,timestamp with time zone,timestamptz,NO,now(),""
sensitive_fields,1,id,uuid,uuid,NO,gen_random_uuid(),""
sensitive_fields,2,module_key,text,text,NO,"",""
sensitive_fields,3,table_name,text,text,NO,"",""
sensitive_fields,4,column_name,text,text,NO,"",""
sensitive_fields,5,field_label,text,text,YES,"",""
sensitive_fields,6,classification_key,text,text,NO,"",""
sensitive_fields,7,pii,boolean,bool,NO,false,""
sensitive_fields,8,phi,boolean,bool,NO,false,""
sensitive_fields,9,financial,boolean,bool,NO,false,""
sensitive_fields,10,notes,text,text,YES,"",""
sensitive_fields,11,is_active,boolean,bool,NO,true,""
sensitive_fields,12,created_at,timestamp with time zone,timestamptz,NO,now(),""
sensitive_fields,13,updated_at,timestamp with time zone,timestamptz,NO,now(),""
sensitive_fields,14,created_by,uuid,uuid,YES,"",""
sensitive_fields,15,updated_by,uuid,uuid,YES,"",""
skill_competencies,1,id,uuid,uuid,NO,gen_random_uuid(),""
skill_competencies,2,employee_id,uuid,uuid,NO,"",""
skill_competencies,3,skill_name,text,text,NO,"",""
skill_competencies,4,category,text,text,YES,"",""
skill_competencies,5,required_level,integer,int4,YES,1,""
skill_competencies,6,current_level,integer,int4,YES,1,""
skill_competencies,7,assessed_by,uuid,uuid,YES,"",""
skill_competencies,8,assessed_at,timestamp with time zone,timestamptz,YES,"",""
skill_competencies,9,review_year,integer,int4,YES,"",""
skill_competencies,10,review_period,text,text,YES,"",""
skill_competencies,11,remarks,text,text,YES,"",""
skill_competencies,12,created_at,timestamp with time zone,timestamptz,NO,now(),""
skill_competencies,13,updated_at,timestamp with time zone,timestamptz,NO,now(),""
sub_branches,1,id,uuid,uuid,NO,gen_random_uuid(),""
sub_branches,2,department_id,uuid,uuid,YES,"",""
sub_branches,3,name,text,text,NO,"",""
sub_branches,4,code,text,text,YES,"",""
sub_branches,5,created_at,timestamp with time zone,timestamptz,NO,now(),""
sub_branches,6,level,text,text,YES,"",""
sub_period_submissions,1,id,uuid,uuid,NO,gen_random_uuid(),""
sub_period_submissions,2,kpi_id,uuid,uuid,NO,"",""
sub_period_submissions,3,sub_period_type,text,text,NO,"",""
sub_period_submissions,4,sub_period_value,text,text,NO,"",""
sub_period_submissions,5,achieved_value,numeric,numeric,YES,"",""
sub_period_submissions,6,remarks,text,text,YES,"",""
sub_period_submissions,7,evidence_url,text,text,YES,"",""
sub_period_submissions,8,submitted_at,timestamp with time zone,timestamptz,YES,now(),""
sub_period_submissions,9,submitted_by,uuid,uuid,YES,"",""
sub_period_submissions,10,review_month,text,text,NO,"",""
sub_period_submissions,11,review_year,integer,int4,NO,"",""
sub_period_submissions,12,created_at,timestamp with time zone,timestamptz,YES,now(),""
sub_period_submissions,13,updated_at,timestamp with time zone,timestamptz,YES,now(),""
sub_period_submissions,14,update_reason,text,text,YES,"",""
sub_period_submissions,15,is_resubmitted,boolean,bool,YES,false,""
sub_period_submissions,16,manager_achieved_value,integer,int4,YES,"",""
sub_period_submissions,17,auditor_achieved_value,integer,int4,YES,"",""
sub_period_submissions,18,management_achieved_value,integer,int4,YES,"",""
sub_period_submissions,19,admin_achieved_value,integer,int4,YES,"",""
sub_period_submissions,20,skip_level_achieved_value,integer,int4,YES,"",""
sub_period_submissions,21,hr_pms_achieved_value,integer,int4,YES,"",""
sub_period_submissions,22,evidence_urls,jsonb,jsonb,YES,'[]'::jsonb,""
system_audit_logs,1,id,uuid,uuid,NO,gen_random_uuid(),""
system_audit_logs,2,action,text,text,NO,"",""
system_audit_logs,3,performed_by,uuid,uuid,YES,"",""
system_audit_logs,4,metadata,jsonb,jsonb,YES,"",""
system_audit_logs,5,created_at,timestamp with time zone,timestamptz,NO,now(),""
system_settings,1,id,uuid,uuid,NO,gen_random_uuid(),""
system_settings,2,setting_key,text,text,NO,"",""
system_settings,3,setting_value,jsonb,jsonb,NO,"",""
system_settings,4,description,text,text,YES,"",""
system_settings,5,created_at,timestamp with time zone,timestamptz,YES,now(),""
system_settings,6,updated_at,timestamp with time zone,timestamptz,YES,now(),""
template_bundle_items,1,id,uuid,uuid,NO,gen_random_uuid(),""
template_bundle_items,2,bundle_id,uuid,uuid,NO,"",""
template_bundle_items,3,template_id,uuid,uuid,NO,"",""
template_bundle_items,4,sort_order,integer,int4,NO,0,""
template_bundle_items,5,created_at,timestamp with time zone,timestamptz,NO,now(),""
template_bundles,1,id,uuid,uuid,NO,gen_random_uuid(),""
template_bundles,2,name,text,text,NO,"",""
template_bundles,3,description,text,text,YES,"",""
template_bundles,4,department_id,uuid,uuid,YES,"",""
template_bundles,5,designation,text,text,YES,"",""
template_bundles,6,is_active,boolean,bool,NO,true,""
template_bundles,7,created_at,timestamp with time zone,timestamptz,NO,now(),""
template_bundles,8,updated_at,timestamp with time zone,timestamptz,NO,now(),""
template_bundles,9,created_by,uuid,uuid,YES,"",""
template_change_logs,1,id,uuid,uuid,NO,gen_random_uuid(),""
template_change_logs,2,template_id,uuid,uuid,NO,"",""
template_change_logs,3,changed_by,uuid,uuid,NO,"",""
template_change_logs,4,effective_month,text,text,NO,"",""
template_change_logs,5,effective_year,integer,int4,NO,"",""
template_change_logs,6,fields_changed,jsonb,jsonb,NO,"",""
template_change_logs,7,employees_affected,integer,int4,YES,0,""
template_change_logs,8,kpis_updated,integer,int4,YES,0,""
template_change_logs,9,scope,text,text,YES,'all'::text,""
template_change_logs,10,selected_employee_ids,ARRAY,_uuid,YES,'{}'::uuid[],""
template_change_logs,11,created_at,timestamp with time zone,timestamptz,YES,now(),""
training_needs,1,id,uuid,uuid,NO,gen_random_uuid(),""
training_needs,2,employee_id,uuid,uuid,NO,"",""
training_needs,3,kpi_id,uuid,uuid,YES,"",""
training_needs,4,category_id,uuid,uuid,YES,"",""
training_needs,5,review_period,text,text,NO,"",""
training_needs,6,review_year,integer,int4,NO,"",""
training_needs,7,score,numeric,numeric,YES,"",""
training_needs,8,gap_type,USER-DEFINED,tni_gap_type,NO,'skill'::tni_gap_type,""
training_needs,9,training_recommendation,text,text,YES,"",""
training_needs,10,priority,USER-DEFINED,tni_priority,NO,'medium'::tni_priority,""
training_needs,11,status,USER-DEFINED,tni_status,NO,'identified'::tni_status,""
training_needs,12,identified_by,uuid,uuid,YES,"",""
training_needs,13,created_at,timestamp with time zone,timestamptz,NO,now(),""
training_needs,14,updated_at,timestamp with time zone,timestamptz,NO,now(),""
user_roles,1,id,uuid,uuid,NO,gen_random_uuid(),""
user_roles,2,user_id,uuid,uuid,NO,"",""
user_roles,3,role,USER-DEFINED,app_role,NO,"",""
v_profile_email_duplicates,1,email_lc,text,text,YES,"",""
v_profile_email_duplicates,2,profile_count,bigint,int8,YES,"",""
v_profile_email_duplicates,3,employee_codes,ARRAY,_text,YES,"",""
v_profile_email_duplicates,4,full_names,ARRAY,_text,YES,"",""
vessel_monthly_entries,1,id,uuid,uuid,NO,gen_random_uuid(),""
vessel_monthly_entries,2,program_id,uuid,uuid,NO,"",""
vessel_monthly_entries,3,employee_id,uuid,uuid,NO,"",""
vessel_monthly_entries,4,month,text,text,NO,"",""
vessel_monthly_entries,5,year,integer,int4,NO,"",""
vessel_monthly_entries,6,vessels_handled,integer,int4,NO,0,""
vessel_monthly_entries,7,remarks,text,text,YES,"",""
vessel_monthly_entries,8,updated_by,uuid,uuid,YES,"",""
vessel_monthly_entries,9,created_at,timestamp with time zone,timestamptz,YES,now(),""
vessel_monthly_entries,10,updated_at,timestamp with time zone,timestamptz,YES,now(),""
workflow_config,1,id,uuid,uuid,NO,gen_random_uuid(),""
workflow_config,2,config_type,text,text,NO,"",""
workflow_config,3,config_value,text,text,NO,"",""
workflow_config,4,workflow_template_id,uuid,uuid,NO,"",""
workflow_config,5,created_at,timestamp with time zone,timestamptz,YES,now(),""
workflow_config,6,updated_at,timestamp with time zone,timestamptz,YES,now(),""
workflow_config,7,created_by,uuid,uuid,YES,"",""
workflow_config,8,review_period,text,text,YES,"",""
workflow_config,9,review_year,integer,int4,YES,"",""
workflow_config,10,is_ongoing,boolean,bool,NO,false,""
workflow_config_migration_log,1,id,uuid,uuid,NO,gen_random_uuid(),""
workflow_config_migration_log,2,run_id,uuid,uuid,NO,"",""
workflow_config_migration_log,3,source_config_id,uuid,uuid,NO,"",""
workflow_config_migration_log,4,created_period_config_id,uuid,uuid,YES,"",""
workflow_config_migration_log,5,config_type,text,text,NO,"",""
workflow_config_migration_log,6,config_value,text,text,NO,"",""
workflow_config_migration_log,7,review_period,text,text,NO,"",""
workflow_config_migration_log,8,review_year,integer,int4,NO,"",""
workflow_config_migration_log,9,resolved_template_id,uuid,uuid,NO,"",""
workflow_config_migration_log,10,performed_by,uuid,uuid,YES,"",""
workflow_config_migration_log,11,performed_at,timestamp with time zone,timestamptz,NO,now(),""
workflow_config_migration_log,12,notes,text,text,YES,"",""
workflow_final_score_rules,1,id,uuid,uuid,NO,gen_random_uuid(),""
workflow_final_score_rules,2,scope_type,text,text,NO,"",""
workflow_final_score_rules,3,scope_value,text,text,YES,"",""
workflow_final_score_rules,4,workflow_template_id,uuid,uuid,NO,"",""
workflow_final_score_rules,5,review_period,text,text,YES,"",""
workflow_final_score_rules,6,review_year,integer,int4,YES,"",""
workflow_final_score_rules,7,rule_type,text,text,NO,"",""
workflow_final_score_rules,8,stage_weights,jsonb,jsonb,YES,"",""
workflow_final_score_rules,9,missing_score_policy,text,text,NO,'block'::text,""
workflow_final_score_rules,10,is_active,boolean,bool,NO,true,""
workflow_final_score_rules,11,notes,text,text,YES,"",""
workflow_final_score_rules,12,created_at,timestamp with time zone,timestamptz,NO,now(),""
workflow_final_score_rules,13,updated_at,timestamp with time zone,timestamptz,NO,now(),""
workflow_final_score_rules,14,created_by,uuid,uuid,YES,"",""
workflow_final_score_rules,15,updated_by,uuid,uuid,YES,"",""
workflow_settings,1,id,uuid,uuid,NO,gen_random_uuid(),""
workflow_settings,2,category,text,text,NO,"",""
workflow_settings,3,setting_key,text,text,NO,"",""
workflow_settings,4,setting_value,jsonb,jsonb,NO,"",""
workflow_settings,5,label,text,text,NO,"",""
workflow_settings,6,description,text,text,YES,"",""
workflow_settings,7,min_value,numeric,numeric,YES,"",""
workflow_settings,8,max_value,numeric,numeric,YES,"",""
workflow_settings,9,unit,text,text,YES,"",""
workflow_settings,10,created_at,timestamp with time zone,timestamptz,YES,now(),""
workflow_settings,11,updated_at,timestamp with time zone,timestamptz,YES,now(),""
workflow_templates,1,id,uuid,uuid,NO,gen_random_uuid(),""
workflow_templates,2,name,text,text,NO,"",""
workflow_templates,3,display_name,text,text,NO,"",""
workflow_templates,4,description,text,text,YES,"",""
workflow_templates,5,stages,jsonb,jsonb,NO,"",""
workflow_templates,6,is_default,boolean,bool,YES,false,""
workflow_templates,7,created_at,timestamp with time zone,timestamptz,YES,now(),""
workflow_templates,8,is_active,boolean,bool,NO,true,""
