table_name,index_name,definition
access_profile_assignments,access_profile_assignments_pkey,CREATE UNIQUE INDEX access_profile_assignments_pkey ON public.access_profile_assignments USING btree (id)
access_profile_assignments,access_profile_assignments_profile_id_user_id_key,"CREATE UNIQUE INDEX access_profile_assignments_profile_id_user_id_key ON public.access_profile_assignments USING btree (profile_id, user_id)"
access_profile_menu_rights,access_profile_menu_rights_pkey,CREATE UNIQUE INDEX access_profile_menu_rights_pkey ON public.access_profile_menu_rights USING btree (id)
access_profile_menu_rights,access_profile_menu_rights_profile_id_menu_key_key,"CREATE UNIQUE INDEX access_profile_menu_rights_profile_id_menu_key_key ON public.access_profile_menu_rights USING btree (profile_id, menu_key)"
access_profile_org_scope,access_profile_org_scope_pkey,CREATE UNIQUE INDEX access_profile_org_scope_pkey ON public.access_profile_org_scope USING btree (id)
access_profile_org_scope,idx_access_profile_org_scope_profile_id,CREATE INDEX idx_access_profile_org_scope_profile_id ON public.access_profile_org_scope USING btree (profile_id)
access_profiles,access_profiles_name_key,CREATE UNIQUE INDEX access_profiles_name_key ON public.access_profiles USING btree (name)
access_profiles,access_profiles_pkey,CREATE UNIQUE INDEX access_profiles_pkey ON public.access_profiles USING btree (id)
access_profiles,idx_access_profiles_created_by,CREATE INDEX idx_access_profiles_created_by ON public.access_profiles USING btree (created_by)
action_registry,action_registry_pkey,CREATE UNIQUE INDEX action_registry_pkey ON public.action_registry USING btree (action_key)
action_registry,idx_action_registry_module,CREATE INDEX idx_action_registry_module ON public.action_registry USING btree (module_key)
admin_feature_flags,admin_feature_flags_pkey,CREATE UNIQUE INDEX admin_feature_flags_pkey ON public.admin_feature_flags USING btree (key)
ai_feature_registry,ai_feature_registry_pkey,CREATE UNIQUE INDEX ai_feature_registry_pkey ON public.ai_feature_registry USING btree (feature_key)
annual_review_access_audit,annual_review_access_audit_pkey,CREATE UNIQUE INDEX annual_review_access_audit_pkey ON public.annual_review_access_audit USING btree (id)
annual_review_access_audit,idx_ar_access_audit_created_at,CREATE INDEX idx_ar_access_audit_created_at ON public.annual_review_access_audit USING btree (created_at DESC)
annual_review_assignment_overrides,annual_review_assignment_overrides_instance_id_role_key,"CREATE UNIQUE INDEX annual_review_assignment_overrides_instance_id_role_key ON public.annual_review_assignment_overrides USING btree (instance_id, role)"
annual_review_assignment_overrides,annual_review_assignment_overrides_pkey,CREATE UNIQUE INDEX annual_review_assignment_overrides_pkey ON public.annual_review_assignment_overrides USING btree (id)
annual_review_assignment_overrides,idx_ar_overrides_instance,CREATE INDEX idx_ar_overrides_instance ON public.annual_review_assignment_overrides USING btree (instance_id)
annual_review_assignment_rules,annual_review_assignment_rules_pkey,CREATE UNIQUE INDEX annual_review_assignment_rules_pkey ON public.annual_review_assignment_rules USING btree (id)
annual_review_assignment_rules,annual_review_rules_cycle,"CREATE INDEX annual_review_rules_cycle ON public.annual_review_assignment_rules USING btree (cycle_id, priority)"
annual_review_assignment_rules,idx_arar_archetype_grade,"CREATE INDEX idx_arar_archetype_grade ON public.annual_review_assignment_rules USING btree (archetype_code, grade_bucket)"
annual_review_bu_draft_finalise_2026_07,annual_review_bu_draft_finalise_2026_07_pkey,CREATE UNIQUE INDEX annual_review_bu_draft_finalise_2026_07_pkey ON public.annual_review_bu_draft_finalise_2026_07 USING btree (id)
annual_review_bu_head_terminal_audit_2026_07,annual_review_bu_head_terminal_audit_2026_07_pkey,CREATE UNIQUE INDEX annual_review_bu_head_terminal_audit_2026_07_pkey ON public.annual_review_bu_head_terminal_audit_2026_07 USING btree (id)
annual_review_bu_head_terminal_audit_2026_07,idx_ar_buhead_terminal_audit_cycle,"CREATE INDEX idx_ar_buhead_terminal_audit_cycle ON public.annual_review_bu_head_terminal_audit_2026_07 USING btree (cycle_id, created_at DESC)"
annual_review_bu_removal_repair_2026_07,annual_review_bu_removal_repair_2026_07_pkey,CREATE UNIQUE INDEX annual_review_bu_removal_repair_2026_07_pkey ON public.annual_review_bu_removal_repair_2026_07 USING btree (id)
annual_review_criteria_assignments,annual_review_criteria_assignments_lookup,"CREATE INDEX annual_review_criteria_assignments_lookup ON public.annual_review_criteria_assignments USING btree (archetype_code, grade_bucket, grade_code, department_id, sub_unit_id)"
annual_review_criteria_assignments,annual_review_criteria_assignments_pkey,CREATE UNIQUE INDEX annual_review_criteria_assignments_pkey ON public.annual_review_criteria_assignments USING btree (id)
annual_review_criteria_assignments,annual_review_criteria_assignments_uk,"CREATE UNIQUE INDEX annual_review_criteria_assignments_uk ON public.annual_review_criteria_assignments USING btree (criterion_id, COALESCE(archetype_code, ''::text), COALESCE(grade_bucket, ''::text), COALESCE(grade_code, ''::text), COALESCE((department_id)::text, ''::text), COALESCE((sub_unit_id)::text, ''::text))"
annual_review_criteria_library,annual_review_criteria_library_key_key,CREATE UNIQUE INDEX annual_review_criteria_library_key_key ON public.annual_review_criteria_library USING btree (key)
annual_review_criteria_library,annual_review_criteria_library_pkey,CREATE UNIQUE INDEX annual_review_criteria_library_pkey ON public.annual_review_criteria_library USING btree (id)
annual_review_cycles,annual_review_cycles_one_active,CREATE UNIQUE INDEX annual_review_cycles_one_active ON public.annual_review_cycles USING btree (status) WHERE (status = 'active'::text)
annual_review_cycles,annual_review_cycles_pkey,CREATE UNIQUE INDEX annual_review_cycles_pkey ON public.annual_review_cycles USING btree (id)
annual_review_directory_overrides,annual_review_directory_overrides_pkey,CREATE UNIQUE INDEX annual_review_directory_overrides_pkey ON public.annual_review_directory_overrides USING btree (user_id)
annual_review_downstream_rewind_repair_2026_07,annual_review_downstream_rewind_repair_2026_07_pkey,CREATE UNIQUE INDEX annual_review_downstream_rewind_repair_2026_07_pkey ON public.annual_review_downstream_rewind_repair_2026_07 USING btree (id)
annual_review_empty_stage_repair_2026_07,annual_review_empty_stage_repair_2026_07_pkey,CREATE UNIQUE INDEX annual_review_empty_stage_repair_2026_07_pkey ON public.annual_review_empty_stage_repair_2026_07 USING btree (id)
annual_review_final_backfill_audit_2026_07,annual_review_final_backfill_audit_2026_07_pkey,CREATE UNIQUE INDEX annual_review_final_backfill_audit_2026_07_pkey ON public.annual_review_final_backfill_audit_2026_07 USING btree (id)
annual_review_final_score_repair_2026_07,annual_review_final_score_repair_2026_07_pkey,CREATE UNIQUE INDEX annual_review_final_score_repair_2026_07_pkey ON public.annual_review_final_score_repair_2026_07 USING btree (id)
annual_review_head_remap_audit_2026_07,annual_review_head_remap_audit_2026_07_pkey,CREATE UNIQUE INDEX annual_review_head_remap_audit_2026_07_pkey ON public.annual_review_head_remap_audit_2026_07 USING btree (id)
annual_review_instances,annual_review_instances_bu,CREATE INDEX annual_review_instances_bu ON public.annual_review_instances USING btree (bu_head_id)
annual_review_instances,annual_review_instances_cycle,CREATE INDEX annual_review_instances_cycle ON public.annual_review_instances USING btree (cycle_id)
annual_review_instances,annual_review_instances_employee,CREATE INDEX annual_review_instances_employee ON public.annual_review_instances USING btree (employee_id)
annual_review_instances,annual_review_instances_employee_id_cycle_id_key,"CREATE UNIQUE INDEX annual_review_instances_employee_id_cycle_id_key ON public.annual_review_instances USING btree (employee_id, cycle_id)"
annual_review_instances,annual_review_instances_hr,CREATE INDEX annual_review_instances_hr ON public.annual_review_instances USING btree (hr_id)
annual_review_instances,annual_review_instances_mgr,CREATE INDEX annual_review_instances_mgr ON public.annual_review_instances USING btree (manager_id)
annual_review_instances,annual_review_instances_pkey,CREATE UNIQUE INDEX annual_review_instances_pkey ON public.annual_review_instances USING btree (id)
annual_review_instances,annual_review_instances_skip,CREATE INDEX annual_review_instances_skip ON public.annual_review_instances USING btree (skip_id)
annual_review_instances,annual_review_instances_status,CREATE INDEX annual_review_instances_status ON public.annual_review_instances USING btree (overall_status)
annual_review_instances,annual_review_instances_template_override_id_idx,CREATE INDEX annual_review_instances_template_override_id_idx ON public.annual_review_instances USING btree (template_override_id) WHERE (template_override_id IS NOT NULL)
annual_review_instances,idx_ari_excluded_at,CREATE INDEX idx_ari_excluded_at ON public.annual_review_instances USING btree (excluded_at) WHERE (excluded_at IS NOT NULL)
annual_review_instances,idx_ari_management_id,CREATE INDEX idx_ari_management_id ON public.annual_review_instances USING btree (management_id)
annual_review_kra_rehydrate_items,annual_review_kra_rehydrate_items_pkey,CREATE UNIQUE INDEX annual_review_kra_rehydrate_items_pkey ON public.annual_review_kra_rehydrate_items USING btree (id)
annual_review_kra_rehydrate_items,idx_kra_rehydrate_items_instance,CREATE INDEX idx_kra_rehydrate_items_instance ON public.annual_review_kra_rehydrate_items USING btree (instance_id)
annual_review_kra_rehydrate_items,idx_kra_rehydrate_items_run,CREATE INDEX idx_kra_rehydrate_items_run ON public.annual_review_kra_rehydrate_items USING btree (run_id)
annual_review_kra_rehydrate_runs,annual_review_kra_rehydrate_runs_pkey,CREATE UNIQUE INDEX annual_review_kra_rehydrate_runs_pkey ON public.annual_review_kra_rehydrate_runs USING btree (id)
annual_review_kra_rehydrate_runs,idx_kra_rehydrate_runs_cycle,"CREATE INDEX idx_kra_rehydrate_runs_cycle ON public.annual_review_kra_rehydrate_runs USING btree (cycle_id, created_at DESC)"
annual_review_mgmt_scope_backfill_2026_07,annual_review_mgmt_scope_backfill_2026_07_pkey,CREATE UNIQUE INDEX annual_review_mgmt_scope_backfill_2026_07_pkey ON public.annual_review_mgmt_scope_backfill_2026_07 USING btree (id)
annual_review_missing_system_slot_repair_2026_07,annual_review_missing_system_slot_repair_2026_07_pkey,CREATE UNIQUE INDEX annual_review_missing_system_slot_repair_2026_07_pkey ON public.annual_review_missing_system_slot_repair_2026_07 USING btree (id)
annual_review_orphan_repair_2026_07,annual_review_orphan_repair_2026_07_pkey,CREATE UNIQUE INDEX annual_review_orphan_repair_2026_07_pkey ON public.annual_review_orphan_repair_2026_07 USING btree (id)
annual_review_proxy_submissions,annual_review_proxy_submissions_pkey,CREATE UNIQUE INDEX annual_review_proxy_submissions_pkey ON public.annual_review_proxy_submissions USING btree (id)
annual_review_proxy_submissions,arps_employee_idx,CREATE INDEX arps_employee_idx ON public.annual_review_proxy_submissions USING btree (employee_user_id)
annual_review_proxy_submissions,arps_instance_idx,CREATE INDEX arps_instance_idx ON public.annual_review_proxy_submissions USING btree (instance_id)
annual_review_proxy_submissions,arps_proxy_idx,CREATE INDEX arps_proxy_idx ON public.annual_review_proxy_submissions USING btree (proxy_user_id)
annual_review_rescore_audit_2026_07,annual_review_rescore_audit_2026_07_pkey,CREATE UNIQUE INDEX annual_review_rescore_audit_2026_07_pkey ON public.annual_review_rescore_audit_2026_07 USING btree (id)
annual_review_reset_archive,annual_review_reset_archive_pkey,CREATE UNIQUE INDEX annual_review_reset_archive_pkey ON public.annual_review_reset_archive USING btree (id)
annual_review_reset_archive,idx_reset_archive_cycle,CREATE INDEX idx_reset_archive_cycle ON public.annual_review_reset_archive USING btree (cycle_id)
annual_review_reset_archive,idx_reset_archive_instance,CREATE INDEX idx_reset_archive_instance ON public.annual_review_reset_archive USING btree (instance_id)
annual_review_responses,annual_review_responses_instance,CREATE INDEX annual_review_responses_instance ON public.annual_review_responses USING btree (instance_id)
annual_review_responses,annual_review_responses_instance_id_reviewer_role_key,"CREATE UNIQUE INDEX annual_review_responses_instance_id_reviewer_role_key ON public.annual_review_responses USING btree (instance_id, reviewer_role)"
annual_review_responses,annual_review_responses_pkey,CREATE UNIQUE INDEX annual_review_responses_pkey ON public.annual_review_responses USING btree (id)
annual_review_responses,annual_review_responses_reviewer,CREATE INDEX annual_review_responses_reviewer ON public.annual_review_responses USING btree (reviewer_id)
annual_review_reviewer_remap_audit_2026_07,annual_review_reviewer_remap_audit_2026_07_pkey,CREATE UNIQUE INDEX annual_review_reviewer_remap_audit_2026_07_pkey ON public.annual_review_reviewer_remap_audit_2026_07 USING btree (id)
annual_review_reviewer_resync_audit,annual_review_reviewer_resync_audit_pkey,CREATE UNIQUE INDEX annual_review_reviewer_resync_audit_pkey ON public.annual_review_reviewer_resync_audit USING btree (id)
annual_review_reviewer_resync_audit,idx_ar_resync_audit_cycle_created,"CREATE INDEX idx_ar_resync_audit_cycle_created ON public.annual_review_reviewer_resync_audit USING btree (cycle_id, created_at DESC)"
annual_review_reviewer_resync_audit,idx_ar_resync_audit_new_user,CREATE INDEX idx_ar_resync_audit_new_user ON public.annual_review_reviewer_resync_audit USING btree (new_user_id)
annual_review_role_capabilities,annual_review_role_capabilities_pkey,CREATE UNIQUE INDEX annual_review_role_capabilities_pkey ON public.annual_review_role_capabilities USING btree (role_source)
annual_review_self_draft_reassign_audit,annual_review_self_draft_reassign_audit_pkey,CREATE UNIQUE INDEX annual_review_self_draft_reassign_audit_pkey ON public.annual_review_self_draft_reassign_audit USING btree (id)
annual_review_self_review_bundle_items,annual_review_self_review_bundle_items_pkey,"CREATE UNIQUE INDEX annual_review_self_review_bundle_items_pkey ON public.annual_review_self_review_bundle_items USING btree (bundle_id, field_id)"
annual_review_self_review_library,annual_review_self_review_library_key_key,CREATE UNIQUE INDEX annual_review_self_review_library_key_key ON public.annual_review_self_review_library USING btree (key)
annual_review_self_review_library,annual_review_self_review_library_pkey,CREATE UNIQUE INDEX annual_review_self_review_library_pkey ON public.annual_review_self_review_library USING btree (id)
annual_review_settings,annual_review_settings_key_key,CREATE UNIQUE INDEX annual_review_settings_key_key ON public.annual_review_settings USING btree (key)
annual_review_settings,annual_review_settings_pkey,CREATE UNIQUE INDEX annual_review_settings_pkey ON public.annual_review_settings USING btree (id)
annual_review_stage_transfer_audit_2026_07,annual_review_stage_transfer_audit_2026_07_pkey,CREATE UNIQUE INDEX annual_review_stage_transfer_audit_2026_07_pkey ON public.annual_review_stage_transfer_audit_2026_07 USING btree (id)
annual_review_system_kpi_weights,annual_review_system_kpi_weights_pkey,CREATE UNIQUE INDEX annual_review_system_kpi_weights_pkey ON public.annual_review_system_kpi_weights USING btree (id)
annual_review_system_kpi_weights,uq_ar_sys_kpi_weight_scope,"CREATE UNIQUE INDEX uq_ar_sys_kpi_weight_scope ON public.annual_review_system_kpi_weights USING btree (system_kpi_id, COALESCE(department_id, '00000000-0000-0000-0000-000000000000'::uuid), COALESCE(sub_unit_id, '00000000-0000-0000-0000-000000000000'::uuid), COALESCE(grade_bucket, '*'::text))"
annual_review_system_kpis,annual_review_system_kpis_key_key,CREATE UNIQUE INDEX annual_review_system_kpis_key_key ON public.annual_review_system_kpis USING btree (key)
annual_review_system_kpis,annual_review_system_kpis_pkey,CREATE UNIQUE INDEX annual_review_system_kpis_pkey ON public.annual_review_system_kpis USING btree (id)
annual_review_template_archetypes,annual_review_template_archetypes_code_key,CREATE UNIQUE INDEX annual_review_template_archetypes_code_key ON public.annual_review_template_archetypes USING btree (code)
annual_review_template_archetypes,annual_review_template_archetypes_pkey,CREATE UNIQUE INDEX annual_review_template_archetypes_pkey ON public.annual_review_template_archetypes USING btree (id)
annual_review_templates,annual_review_templates_pkey,CREATE UNIQUE INDEX annual_review_templates_pkey ON public.annual_review_templates USING btree (id)
annual_score_config_audit,annual_score_audit_config_idx,"CREATE INDEX annual_score_audit_config_idx ON public.annual_score_config_audit USING btree (config_id, performed_at DESC)"
annual_score_config_audit,annual_score_config_audit_pkey,CREATE UNIQUE INDEX annual_score_config_audit_pkey ON public.annual_score_config_audit USING btree (id)
annual_score_configs,annual_score_configs_ay_status_idx,"CREATE INDEX annual_score_configs_ay_status_idx ON public.annual_score_configs USING btree (assessment_year, status)"
annual_score_configs,annual_score_configs_pkey,CREATE UNIQUE INDEX annual_score_configs_pkey ON public.annual_score_configs USING btree (id)
app_settings,app_settings_pkey,CREATE UNIQUE INDEX app_settings_pkey ON public.app_settings USING btree (id)
audit_kpi_assignments,audit_kpi_assignments_auditor_id_employee_id_key,"CREATE UNIQUE INDEX audit_kpi_assignments_auditor_id_employee_id_key ON public.audit_kpi_assignments USING btree (auditor_id, employee_id)"
audit_kpi_assignments,audit_kpi_assignments_pkey,CREATE UNIQUE INDEX audit_kpi_assignments_pkey ON public.audit_kpi_assignments USING btree (id)
audit_kpi_level_assignments,audit_kpi_level_assignments_kpi_id_key,CREATE UNIQUE INDEX audit_kpi_level_assignments_kpi_id_key ON public.audit_kpi_level_assignments USING btree (kpi_id)
audit_kpi_level_assignments,audit_kpi_level_assignments_pkey,CREATE UNIQUE INDEX audit_kpi_level_assignments_pkey ON public.audit_kpi_level_assignments USING btree (id)
audit_kpi_level_assignments,idx_audit_kpi_level_assignments_auditor_id,CREATE INDEX idx_audit_kpi_level_assignments_auditor_id ON public.audit_kpi_level_assignments USING btree (auditor_id)
audit_policies,audit_policies_category_idx,CREATE INDEX audit_policies_category_idx ON public.audit_policies USING btree (event_category)
audit_policies,audit_policies_module_idx,CREATE INDEX audit_policies_module_idx ON public.audit_policies USING btree (module_key)
audit_policies,audit_policies_pkey,CREATE UNIQUE INDEX audit_policies_pkey ON public.audit_policies USING btree (id)
audit_policies,audit_policies_unique_key,"CREATE UNIQUE INDEX audit_policies_unique_key ON public.audit_policies USING btree (module_key, event_category)"
auth_lookup_attempts,auth_lookup_attempts_pkey,CREATE UNIQUE INDEX auth_lookup_attempts_pkey ON public.auth_lookup_attempts USING btree (id)
auth_lookup_attempts,idx_auth_lookup_attempts_ip_time,"CREATE INDEX idx_auth_lookup_attempts_ip_time ON public.auth_lookup_attempts USING btree (client_ip, attempted_at DESC)"
backup_denylist,backup_denylist_pkey,CREATE UNIQUE INDEX backup_denylist_pkey ON public.backup_denylist USING btree (table_name)
backup_logs,backup_logs_pkey,CREATE UNIQUE INDEX backup_logs_pkey ON public.backup_logs USING btree (id)
backup_logs,idx_backup_logs_created_by,CREATE INDEX idx_backup_logs_created_by ON public.backup_logs USING btree (created_by)
bulk_review_batches,bulk_review_batches_pkey,CREATE UNIQUE INDEX bulk_review_batches_pkey ON public.bulk_review_batches USING btree (id)
bulk_review_batches,idx_bulk_review_batches_created_at,CREATE INDEX idx_bulk_review_batches_created_at ON public.bulk_review_batches USING btree (created_at DESC)
bulk_review_batches,idx_bulk_review_batches_performed_by,CREATE INDEX idx_bulk_review_batches_performed_by ON public.bulk_review_batches USING btree (performed_by)
bundle_assignment_logs,bundle_assignment_logs_pkey,CREATE UNIQUE INDEX bundle_assignment_logs_pkey ON public.bundle_assignment_logs USING btree (id)
bundle_assignment_logs,idx_bundle_assignment_logs_bundle_id,CREATE INDEX idx_bundle_assignment_logs_bundle_id ON public.bundle_assignment_logs USING btree (bundle_id)
bundle_assignment_logs,idx_bundle_assignment_logs_created_at,CREATE INDEX idx_bundle_assignment_logs_created_at ON public.bundle_assignment_logs USING btree (created_at DESC)
bundle_assignment_logs,idx_bundle_assignment_logs_employee_id,CREATE INDEX idx_bundle_assignment_logs_employee_id ON public.bundle_assignment_logs USING btree (employee_id)
business_unit_sub_units,business_unit_sub_units_business_unit_id_label_key,"CREATE UNIQUE INDEX business_unit_sub_units_business_unit_id_label_key ON public.business_unit_sub_units USING btree (business_unit_id, label)"
business_unit_sub_units,business_unit_sub_units_pkey,CREATE UNIQUE INDEX business_unit_sub_units_pkey ON public.business_unit_sub_units USING btree (id)
business_units,business_units_code_key,CREATE UNIQUE INDEX business_units_code_key ON public.business_units USING btree (code)
business_units,business_units_pkey,CREATE UNIQUE INDEX business_units_pkey ON public.business_units USING btree (id)
business_units,idx_business_units_head_user_id,CREATE INDEX idx_business_units_head_user_id ON public.business_units USING btree (head_user_id)
capability_registry,capability_registry_pkey,CREATE UNIQUE INDEX capability_registry_pkey ON public.capability_registry USING btree (capability_key)
client_action_entitlements,client_action_entitlements_client_id_action_key_key,"CREATE UNIQUE INDEX client_action_entitlements_client_id_action_key_key ON public.client_action_entitlements USING btree (client_id, action_key)"
client_action_entitlements,client_action_entitlements_pkey,CREATE UNIQUE INDEX client_action_entitlements_pkey ON public.client_action_entitlements USING btree (id)
client_action_entitlements,idx_cae_client,CREATE INDEX idx_cae_client ON public.client_action_entitlements USING btree (client_id)
client_contacts,client_contacts_active_email_per_role_uq,"CREATE UNIQUE INDEX client_contacts_active_email_per_role_uq ON public.client_contacts USING btree (client_id, role, lower(email)) WHERE (is_active = true)"
client_contacts,client_contacts_client_idx,CREATE INDEX client_contacts_client_idx ON public.client_contacts USING btree (client_id)
client_contacts,client_contacts_one_active_primary_per_role_uq,"CREATE UNIQUE INDEX client_contacts_one_active_primary_per_role_uq ON public.client_contacts USING btree (client_id, role) WHERE ((is_primary_for_role = true) AND (is_active = true))"
client_contacts,client_contacts_pkey,CREATE UNIQUE INDEX client_contacts_pkey ON public.client_contacts USING btree (id)
client_error_reports,client_error_reports_account_code_idx,CREATE INDEX client_error_reports_account_code_idx ON public.client_error_reports USING btree (account_code)
client_error_reports,client_error_reports_created_at_idx,CREATE INDEX client_error_reports_created_at_idx ON public.client_error_reports USING btree (created_at DESC)
client_error_reports,client_error_reports_pkey,CREATE UNIQUE INDEX client_error_reports_pkey ON public.client_error_reports USING btree (id)
client_implementer_assignments,client_implementer_assignments_client_id_user_id_key,"CREATE UNIQUE INDEX client_implementer_assignments_client_id_user_id_key ON public.client_implementer_assignments USING btree (client_id, user_id)"
client_implementer_assignments,client_implementer_assignments_pkey,CREATE UNIQUE INDEX client_implementer_assignments_pkey ON public.client_implementer_assignments USING btree (id)
client_implementer_assignments,client_implementer_assignments_user_idx,CREATE INDEX client_implementer_assignments_user_idx ON public.client_implementer_assignments USING btree (user_id)
client_module_entitlements,client_module_entitlements_client_id_module_key_key,"CREATE UNIQUE INDEX client_module_entitlements_client_id_module_key_key ON public.client_module_entitlements USING btree (client_id, module_key)"
client_module_entitlements,client_module_entitlements_pkey,CREATE UNIQUE INDEX client_module_entitlements_pkey ON public.client_module_entitlements USING btree (id)
client_module_entitlements,idx_cme_client,CREATE INDEX idx_cme_client ON public.client_module_entitlements USING btree (client_id)
client_notification_templates,client_notification_templates_active_key_uidx,"CREATE UNIQUE INDEX client_notification_templates_active_key_uidx ON public.client_notification_templates USING btree (client_id, template_key) WHERE is_active"
client_notification_templates,client_notification_templates_client_idx,CREATE INDEX client_notification_templates_client_idx ON public.client_notification_templates USING btree (client_id)
client_notification_templates,client_notification_templates_pkey,CREATE UNIQUE INDEX client_notification_templates_pkey ON public.client_notification_templates USING btree (id)
client_setup_checklist,client_setup_checklist_client_id_item_key_key,"CREATE UNIQUE INDEX client_setup_checklist_client_id_item_key_key ON public.client_setup_checklist USING btree (client_id, item_key)"
client_setup_checklist,client_setup_checklist_pkey,CREATE UNIQUE INDEX client_setup_checklist_pkey ON public.client_setup_checklist USING btree (id)
client_smtp_config,client_smtp_config_pkey,CREATE UNIQUE INDEX client_smtp_config_pkey ON public.client_smtp_config USING btree (client_id)
client_urls,client_urls_active_url_uq,"CREATE UNIQUE INDEX client_urls_active_url_uq ON public.client_urls USING btree (client_id, lower(url)) WHERE (is_active = true)"
client_urls,client_urls_client_idx,CREATE INDEX client_urls_client_idx ON public.client_urls USING btree (client_id)
client_urls,client_urls_one_active_primary_per_client_uq,CREATE UNIQUE INDEX client_urls_one_active_primary_per_client_uq ON public.client_urls USING btree (client_id) WHERE ((is_primary = true) AND (is_active = true))
client_urls,client_urls_pkey,CREATE UNIQUE INDEX client_urls_pkey ON public.client_urls USING btree (id)
clients,clients_client_key_key,CREATE UNIQUE INDEX clients_client_key_key ON public.clients USING btree (client_key)
clients,clients_pkey,CREATE UNIQUE INDEX clients_pkey ON public.clients USING btree (id)
companies,companies_pkey,CREATE UNIQUE INDEX companies_pkey ON public.companies USING btree (id)
confirmation_increment_adjustments,confirmation_increment_adjustments_pkey,CREATE UNIQUE INDEX confirmation_increment_adjustments_pkey ON public.confirmation_increment_adjustments USING btree (id)
confirmation_increment_adjustments,idx_conf_inc_adj_emp_ay,"CREATE INDEX idx_conf_inc_adj_emp_ay ON public.confirmation_increment_adjustments USING btree (employee_id, assessment_year)"
confirmation_increment_rules,confirmation_increment_rules_pkey,CREATE UNIQUE INDEX confirmation_increment_rules_pkey ON public.confirmation_increment_rules USING btree (id)
confirmation_increment_rules,uq_conf_inc_rule_active_scope,"CREATE UNIQUE INDEX uq_conf_inc_rule_active_scope ON public.confirmation_increment_rules USING btree (assessment_year, COALESCE(company_id, '00000000-0000-0000-0000-000000000000'::uuid), COALESCE(category_id, '00000000-0000-0000-0000-000000000000'::uuid), COALESCE(level_id, '00000000-0000-0000-0000-000000000000'::uuid)) WHERE (status = 'active'::text)"
custom_reports,custom_reports_pkey,CREATE UNIQUE INDEX custom_reports_pkey ON public.custom_reports USING btree (id)
custom_reports,idx_custom_reports_created_by,CREATE INDEX idx_custom_reports_created_by ON public.custom_reports USING btree (created_by)
dashboard_registry,dashboard_registry_pkey,CREATE UNIQUE INDEX dashboard_registry_pkey ON public.dashboard_registry USING btree (dashboard_key)
data_classifications,data_classifications_classification_key_key,CREATE UNIQUE INDEX data_classifications_classification_key_key ON public.data_classifications USING btree (classification_key)
data_classifications,data_classifications_pkey,CREATE UNIQUE INDEX data_classifications_pkey ON public.data_classifications USING btree (id)
departments,departments_code_key,CREATE UNIQUE INDEX departments_code_key ON public.departments USING btree (code)
departments,departments_pkey,CREATE UNIQUE INDEX departments_pkey ON public.departments USING btree (id)
departments,idx_departments_head_user_id,CREATE INDEX idx_departments_head_user_id ON public.departments USING btree (head_user_id)
designations,designations_name_key,CREATE UNIQUE INDEX designations_name_key ON public.designations USING btree (name)
designations,designations_pkey,CREATE UNIQUE INDEX designations_pkey ON public.designations USING btree (id)
dev_report_entries,dev_report_entries_adr_refs_idx,CREATE INDEX dev_report_entries_adr_refs_idx ON public.dev_report_entries USING gin (adr_refs)
dev_report_entries,dev_report_entries_module_idx,CREATE INDEX dev_report_entries_module_idx ON public.dev_report_entries USING btree (module_area)
dev_report_entries,dev_report_entries_pkey,CREATE UNIQUE INDEX dev_report_entries_pkey ON public.dev_report_entries USING btree (id)
dev_report_entries,dev_report_entries_type_date_idx,"CREATE INDEX dev_report_entries_type_date_idx ON public.dev_report_entries USING btree (entry_type, entry_date DESC NULLS LAST)"
dev_report_entries,idx_dev_report_entries_entry_date,CREATE INDEX idx_dev_report_entries_entry_date ON public.dev_report_entries USING btree (entry_date DESC NULLS LAST)
dev_report_entries,uq_dev_report_entries_ingest_key,"CREATE UNIQUE INDEX uq_dev_report_entries_ingest_key ON public.dev_report_entries USING btree (entry_type, COALESCE(entry_date, '1970-01-01'::date), COALESCE(linked_commit, ''::text), title)"
divisions,divisions_code_key,CREATE UNIQUE INDEX divisions_code_key ON public.divisions USING btree (code)
divisions,divisions_pkey,CREATE UNIQUE INDEX divisions_pkey ON public.divisions USING btree (id)
email_change_audit,email_change_audit_pkey,CREATE UNIQUE INDEX email_change_audit_pkey ON public.email_change_audit USING btree (id)
email_change_audit,idx_email_change_audit_user,"CREATE INDEX idx_email_change_audit_user ON public.email_change_audit USING btree (user_id, performed_at DESC)"
email_dispatch_queue,email_dispatch_queue_pkey,CREATE UNIQUE INDEX email_dispatch_queue_pkey ON public.email_dispatch_queue USING btree (id)
email_dispatch_queue,idx_email_dispatch_queue_pending,"CREATE INDEX idx_email_dispatch_queue_pending ON public.email_dispatch_queue USING btree (template_key, created_at) WHERE (sent_at IS NULL)"
email_logs,email_logs_pkey,CREATE UNIQUE INDEX email_logs_pkey ON public.email_logs USING btree (id)
email_logs,idx_email_logs_created_at,CREATE INDEX idx_email_logs_created_at ON public.email_logs USING btree (created_at DESC)
email_logs,idx_email_logs_event_type,CREATE INDEX idx_email_logs_event_type ON public.email_logs USING btree (event_type)
email_logs,idx_email_logs_status,CREATE INDEX idx_email_logs_status ON public.email_logs USING btree (status)
employee_categories,employee_categories_company_name_uniq,"CREATE UNIQUE INDEX employee_categories_company_name_uniq ON public.employee_categories USING btree (company_id, lower(name))"
employee_categories,employee_categories_pkey,CREATE UNIQUE INDEX employee_categories_pkey ON public.employee_categories USING btree (id)
employee_incentive_eligibility,employee_incentive_eligibilit_employee_id_review_period_rev_key,"CREATE UNIQUE INDEX employee_incentive_eligibilit_employee_id_review_period_rev_key ON public.employee_incentive_eligibility USING btree (employee_id, review_period, review_year)"
employee_incentive_eligibility,employee_incentive_eligibility_pkey,CREATE UNIQUE INDEX employee_incentive_eligibility_pkey ON public.employee_incentive_eligibility USING btree (id)
employee_incentive_records,employee_incentive_records_emp_period_year_prog_payperiod_key,"CREATE UNIQUE INDEX employee_incentive_records_emp_period_year_prog_payperiod_key ON public.employee_incentive_records USING btree (employee_id, review_period, review_year, program_id, payment_period)"
employee_incentive_records,employee_incentive_records_pkey,CREATE UNIQUE INDEX employee_incentive_records_pkey ON public.employee_incentive_records USING btree (id)
employee_job_descriptions,employee_job_descriptions_designation_key,CREATE UNIQUE INDEX employee_job_descriptions_designation_key ON public.employee_job_descriptions USING btree (designation)
employee_job_descriptions,employee_job_descriptions_pkey,CREATE UNIQUE INDEX employee_job_descriptions_pkey ON public.employee_job_descriptions USING btree (id)
employee_job_descriptions,idx_employee_job_descriptions_created_by,CREATE INDEX idx_employee_job_descriptions_created_by ON public.employee_job_descriptions USING btree (created_by)
employee_master_custom_field_values,employee_master_custom_field_values_employee_unique,CREATE UNIQUE INDEX employee_master_custom_field_values_employee_unique ON public.employee_master_custom_field_values USING btree (employee_id)
employee_master_custom_field_values,employee_master_custom_field_values_pkey,CREATE UNIQUE INDEX employee_master_custom_field_values_pkey ON public.employee_master_custom_field_values USING btree (id)
employee_master_custom_field_values,idx_emcfv_values_gin,"CREATE INDEX idx_emcfv_values_gin ON public.employee_master_custom_field_values USING gin (""values"")"
employee_master_custom_fields,employee_master_custom_fields_field_key_key,CREATE UNIQUE INDEX employee_master_custom_fields_field_key_key ON public.employee_master_custom_fields USING btree (field_key)
employee_master_custom_fields,employee_master_custom_fields_pkey,CREATE UNIQUE INDEX employee_master_custom_fields_pkey ON public.employee_master_custom_fields USING btree (id)
employee_master_custom_fields,idx_emcf_active_sort,"CREATE INDEX idx_emcf_active_sort ON public.employee_master_custom_fields USING btree (is_active, sort_order, field_label)"
employee_working_days,employee_working_days_employee_id_month_year_key,"CREATE UNIQUE INDEX employee_working_days_employee_id_month_year_key ON public.employee_working_days USING btree (employee_id, month, year)"
employee_working_days,employee_working_days_pkey,CREATE UNIQUE INDEX employee_working_days_pkey ON public.employee_working_days USING btree (id)
employment_status_history,employment_status_history_pkey,CREATE UNIQUE INDEX employment_status_history_pkey ON public.employment_status_history USING btree (id)
employment_status_history,idx_esh_employee_effective,"CREATE INDEX idx_esh_employee_effective ON public.employment_status_history USING btree (employee_id, effective_date DESC)"
employment_status_history,uq_esh_backfill,"CREATE UNIQUE INDEX uq_esh_backfill ON public.employment_status_history USING btree (employee_id, new_status, effective_date) WHERE (source = 'backfill'::text)"
employment_statuses,employment_statuses_name_uniq,CREATE UNIQUE INDEX employment_statuses_name_uniq ON public.employment_statuses USING btree (lower(name))
employment_statuses,employment_statuses_pkey,CREATE UNIQUE INDEX employment_statuses_pkey ON public.employment_statuses USING btree (id)
entitlement_audit,entitlement_audit_pkey,CREATE UNIQUE INDEX entitlement_audit_pkey ON public.entitlement_audit USING btree (id)
entitlement_audit,idx_ent_audit_created,CREATE INDEX idx_ent_audit_created ON public.entitlement_audit USING btree (created_at DESC)
entitlement_audit,idx_ent_audit_event,CREATE INDEX idx_ent_audit_event ON public.entitlement_audit USING btree (event_type)
export_policies,export_policies_classification_key_key,CREATE UNIQUE INDEX export_policies_classification_key_key ON public.export_policies USING btree (classification_key)
export_policies,export_policies_pkey,CREATE UNIQUE INDEX export_policies_pkey ON public.export_policies USING btree (id)
final_score_revisions,final_score_revisions_pkey,CREATE UNIQUE INDEX final_score_revisions_pkey ON public.final_score_revisions USING btree (id)
final_score_revisions,final_score_revisions_submission_id_revision_no_key,"CREATE UNIQUE INDEX final_score_revisions_submission_id_revision_no_key ON public.final_score_revisions USING btree (submission_id, revision_no)"
final_score_revisions,idx_final_score_revisions_batch,CREATE INDEX idx_final_score_revisions_batch ON public.final_score_revisions USING btree (batch_id)
final_score_revisions,idx_final_score_revisions_performed_by,CREATE INDEX idx_final_score_revisions_performed_by ON public.final_score_revisions USING btree (performed_by)
final_score_revisions,idx_final_score_revisions_submission,CREATE INDEX idx_final_score_revisions_submission ON public.final_score_revisions USING btree (submission_id)
frequency_config,frequency_config_frequency_key,CREATE UNIQUE INDEX frequency_config_frequency_key ON public.frequency_config USING btree (frequency)
frequency_config,frequency_config_pkey,CREATE UNIQUE INDEX frequency_config_pkey ON public.frequency_config USING btree (id)
general_eligibility_audit,general_eligibility_audit_pkey,CREATE UNIQUE INDEX general_eligibility_audit_pkey ON public.general_eligibility_audit USING btree (id)
general_eligibility_configs,general_eligibility_configs_assessment_year_version_key,"CREATE UNIQUE INDEX general_eligibility_configs_assessment_year_version_key ON public.general_eligibility_configs USING btree (assessment_year, version)"
general_eligibility_configs,general_eligibility_configs_pkey,CREATE UNIQUE INDEX general_eligibility_configs_pkey ON public.general_eligibility_configs USING btree (id)
iac_audit_log,iac_audit_log_created_idx,CREATE INDEX iac_audit_log_created_idx ON public.iac_audit_log USING btree (created_at DESC)
iac_audit_log,iac_audit_log_pkey,CREATE UNIQUE INDEX iac_audit_log_pkey ON public.iac_audit_log USING btree (id)
iac_audit_log,iac_audit_log_target_idx,"CREATE INDEX iac_audit_log_target_idx ON public.iac_audit_log USING btree (target_type, target_id)"
iac_capabilities,iac_capabilities_module_idx,CREATE INDEX iac_capabilities_module_idx ON public.iac_capabilities USING btree (module)
iac_capabilities,iac_capabilities_pkey,CREATE UNIQUE INDEX iac_capabilities_pkey ON public.iac_capabilities USING btree (code)
iac_role_capabilities,iac_role_capabilities_pkey,"CREATE UNIQUE INDEX iac_role_capabilities_pkey ON public.iac_role_capabilities USING btree (role_id, capability_code)"
iac_roles,iac_roles_code_key,CREATE UNIQUE INDEX iac_roles_code_key ON public.iac_roles USING btree (code)
iac_roles,iac_roles_module_idx,CREATE INDEX iac_roles_module_idx ON public.iac_roles USING btree (module)
iac_roles,iac_roles_pkey,CREATE UNIQUE INDEX iac_roles_pkey ON public.iac_roles USING btree (id)
iac_user_role_assignments,iac_assignment_uniq,"CREATE UNIQUE INDEX iac_assignment_uniq ON public.iac_user_role_assignments USING btree (user_id, role_id, scope_type, scope_id)"
iac_user_role_assignments,iac_user_role_assignments_pkey,CREATE UNIQUE INDEX iac_user_role_assignments_pkey ON public.iac_user_role_assignments USING btree (id)
iac_user_role_assignments,iac_user_role_assignments_role_idx,CREATE INDEX iac_user_role_assignments_role_idx ON public.iac_user_role_assignments USING btree (role_id)
iac_user_role_assignments,iac_user_role_assignments_user_idx,CREATE INDEX iac_user_role_assignments_user_idx ON public.iac_user_role_assignments USING btree (user_id)
impl_console_rate_buckets,idx_impl_rate_buckets_lookup,"CREATE INDEX idx_impl_rate_buckets_lookup ON public.impl_console_rate_buckets USING btree (actor_id, client_id, action, bucket_hour)"
impl_console_rate_buckets,impl_console_rate_buckets_actor_id_client_id_action_bucket__key,"CREATE UNIQUE INDEX impl_console_rate_buckets_actor_id_client_id_action_bucket__key ON public.impl_console_rate_buckets USING btree (actor_id, client_id, action, bucket_hour)"
impl_console_rate_buckets,impl_console_rate_buckets_pkey,CREATE UNIQUE INDEX impl_console_rate_buckets_pkey ON public.impl_console_rate_buckets USING btree (id)
import_field_settings,idx_import_field_settings_type,CREATE INDEX idx_import_field_settings_type ON public.import_field_settings USING btree (import_type)
import_field_settings,import_field_settings_import_type_field_key_key,"CREATE UNIQUE INDEX import_field_settings_import_type_field_key_key ON public.import_field_settings USING btree (import_type, field_key)"
import_field_settings,import_field_settings_pkey,CREATE UNIQUE INDEX import_field_settings_pkey ON public.import_field_settings USING btree (id)
import_progress,idx_import_progress_user_id,CREATE INDEX idx_import_progress_user_id ON public.import_progress USING btree (user_id)
import_progress,import_progress_pkey,CREATE UNIQUE INDEX import_progress_pkey ON public.import_progress USING btree (id)
incentive_allocation_rules,incentive_allocation_rules_pkey,CREATE UNIQUE INDEX incentive_allocation_rules_pkey ON public.incentive_allocation_rules USING btree (id)
incentive_allocation_rules,incentive_allocation_rules_program_id_source_label_target_b_key,"CREATE UNIQUE INDEX incentive_allocation_rules_program_id_source_label_target_b_key ON public.incentive_allocation_rules USING btree (program_id, source_label, target_bu_id, target_sub_unit)"
incentive_custom_tab_data,incentive_custom_tab_data_pkey,CREATE UNIQUE INDEX incentive_custom_tab_data_pkey ON public.incentive_custom_tab_data USING btree (id)
incentive_custom_tab_data,incentive_custom_tab_data_tab_id_employee_id_key,"CREATE UNIQUE INDEX incentive_custom_tab_data_tab_id_employee_id_key ON public.incentive_custom_tab_data USING btree (tab_id, employee_id)"
incentive_disqualification_rules,incentive_disqualification_rules_pkey,CREATE UNIQUE INDEX incentive_disqualification_rules_pkey ON public.incentive_disqualification_rules USING btree (id)
incentive_eligibility_fields,incentive_eligibility_fields_pkey,CREATE UNIQUE INDEX incentive_eligibility_fields_pkey ON public.incentive_eligibility_fields USING btree (id)
incentive_production_rates,idx_prod_rate_program_date,"CREATE INDEX idx_prod_rate_program_date ON public.incentive_production_rates USING btree (program_id, effective_from DESC)"
incentive_production_rates,incentive_production_rates_pkey,CREATE UNIQUE INDEX incentive_production_rates_pkey ON public.incentive_production_rates USING btree (id)
incentive_production_rates,uniq_prod_rate_scope_date,"CREATE UNIQUE INDEX uniq_prod_rate_scope_date ON public.incentive_production_rates USING btree (program_id, rate_type, COALESCE((employee_id)::text, ''::text), COALESCE((entity_id)::text, ''::text), effective_from)"
incentive_program_custom_tabs,incentive_program_custom_tabs_pkey,CREATE UNIQUE INDEX incentive_program_custom_tabs_pkey ON public.incentive_program_custom_tabs USING btree (id)
incentive_program_custom_tabs,incentive_program_custom_tabs_program_id_tab_key_key,"CREATE UNIQUE INDEX incentive_program_custom_tabs_program_id_tab_key_key ON public.incentive_program_custom_tabs USING btree (program_id, tab_key)"
incentive_program_mappings,incentive_program_mappings_pkey,CREATE UNIQUE INDEX incentive_program_mappings_pkey ON public.incentive_program_mappings USING btree (id)
incentive_program_mappings,incentive_program_mappings_program_id_mapping_type_mapping__key,"CREATE UNIQUE INDEX incentive_program_mappings_program_id_mapping_type_mapping__key ON public.incentive_program_mappings USING btree (program_id, mapping_type, mapping_value)"
incentive_program_types,incentive_program_types_pkey,CREATE UNIQUE INDEX incentive_program_types_pkey ON public.incentive_program_types USING btree (id)
incentive_program_types,incentive_program_types_value_key,CREATE UNIQUE INDEX incentive_program_types_value_key ON public.incentive_program_types USING btree (value)
incentive_programs,idx_incentive_programs_created_by,CREATE INDEX idx_incentive_programs_created_by ON public.incentive_programs USING btree (created_by)
incentive_programs,incentive_programs_pkey,CREATE UNIQUE INDEX incentive_programs_pkey ON public.incentive_programs USING btree (id)
incentive_score_revisions,idx_incentive_score_revisions_employee_id,CREATE INDEX idx_incentive_score_revisions_employee_id ON public.incentive_score_revisions USING btree (employee_id)
incentive_score_revisions,incentive_score_revisions_pkey,CREATE UNIQUE INDEX incentive_score_revisions_pkey ON public.incentive_score_revisions USING btree (id)
incentive_slab_categories,incentive_slab_categories_pkey,CREATE UNIQUE INDEX incentive_slab_categories_pkey ON public.incentive_slab_categories USING btree (id)
incentive_slab_categories,incentive_slab_categories_value_key,CREATE UNIQUE INDEX incentive_slab_categories_value_key ON public.incentive_slab_categories USING btree (value)
incentive_slabs,idx_slabs_program_eff,"CREATE INDEX idx_slabs_program_eff ON public.incentive_slabs USING btree (program_id, effective_from DESC)"
incentive_slabs,idx_slabs_scope_lookup,"CREATE INDEX idx_slabs_scope_lookup ON public.incentive_slabs USING btree (program_id, slab_category, effective_from DESC)"
incentive_slabs,incentive_slabs_pkey,CREATE UNIQUE INDEX incentive_slabs_pkey ON public.incentive_slabs USING btree (id)
incentive_stale_zero_cleanup_audit,incentive_stale_zero_cleanup_audit_pkey,CREATE UNIQUE INDEX incentive_stale_zero_cleanup_audit_pkey ON public.incentive_stale_zero_cleanup_audit USING btree (id)
incentive_vessel_rates,incentive_vessel_rates_pkey,CREATE UNIQUE INDEX incentive_vessel_rates_pkey ON public.incentive_vessel_rates USING btree (id)
incentive_vessel_rates,incentive_vessel_rates_program_id_employee_id_key,"CREATE UNIQUE INDEX incentive_vessel_rates_program_id_employee_id_key ON public.incentive_vessel_rates USING btree (program_id, employee_id)"
increment_eligibility_audit,idx_iea_config,CREATE INDEX idx_iea_config ON public.increment_eligibility_audit USING btree (config_id)
increment_eligibility_audit,idx_iea_performed_at,CREATE INDEX idx_iea_performed_at ON public.increment_eligibility_audit USING btree (performed_at DESC)
increment_eligibility_audit,increment_eligibility_audit_pkey,CREATE UNIQUE INDEX increment_eligibility_audit_pkey ON public.increment_eligibility_audit USING btree (id)
increment_eligibility_configs,idx_iec_assessment_year,CREATE INDEX idx_iec_assessment_year ON public.increment_eligibility_configs USING btree (assessment_year)
increment_eligibility_configs,idx_iec_status,CREATE INDEX idx_iec_status ON public.increment_eligibility_configs USING btree (status)
increment_eligibility_configs,increment_eligibility_configs_pkey,CREATE UNIQUE INDEX increment_eligibility_configs_pkey ON public.increment_eligibility_configs USING btree (id)
increment_eligibility_configs,increment_eligibility_configs_scope_year_unique,"CREATE UNIQUE INDEX increment_eligibility_configs_scope_year_unique ON public.increment_eligibility_configs USING btree (assessment_year, company_id, division_id, business_unit_id, level_id, category_id, location_id)"
increment_eligibility_criteria,idx_iecrit_config,CREATE INDEX idx_iecrit_config ON public.increment_eligibility_criteria USING btree (config_id)
increment_eligibility_criteria,increment_eligibility_criteria_pkey,CREATE UNIQUE INDEX increment_eligibility_criteria_pkey ON public.increment_eligibility_criteria USING btree (id)
increment_eligibility_exclusions,idx_iee_config_year,"CREATE INDEX idx_iee_config_year ON public.increment_eligibility_exclusions USING btree (config_id, assessment_year)"
increment_eligibility_exclusions,idx_iee_employee_year,"CREATE INDEX idx_iee_employee_year ON public.increment_eligibility_exclusions USING btree (employee_id, assessment_year)"
increment_eligibility_exclusions,iee_unique_config_emp_year,"CREATE UNIQUE INDEX iee_unique_config_emp_year ON public.increment_eligibility_exclusions USING btree (config_id, employee_id, assessment_year)"
increment_eligibility_exclusions,increment_eligibility_exclusions_pkey,CREATE UNIQUE INDEX increment_eligibility_exclusions_pkey ON public.increment_eligibility_exclusions USING btree (id)
increment_inputs,idx_increment_inputs_employee,CREATE INDEX idx_increment_inputs_employee ON public.increment_inputs USING btree (employee_id)
increment_inputs,idx_increment_inputs_year,CREATE INDEX idx_increment_inputs_year ON public.increment_inputs USING btree (assessment_year)
increment_inputs,increment_inputs_employee_id_assessment_year_key,"CREATE UNIQUE INDEX increment_inputs_employee_id_assessment_year_key ON public.increment_inputs USING btree (employee_id, assessment_year)"
increment_inputs,increment_inputs_pkey,CREATE UNIQUE INDEX increment_inputs_pkey ON public.increment_inputs USING btree (id)
increment_method_configs,increment_method_configs_ay_status_idx,"CREATE INDEX increment_method_configs_ay_status_idx ON public.increment_method_configs USING btree (assessment_year, status)"
increment_method_configs,increment_method_configs_one_active_per_scope,"CREATE UNIQUE INDEX increment_method_configs_one_active_per_scope ON public.increment_method_configs USING btree (assessment_year, COALESCE(company_id, '00000000-0000-0000-0000-000000000000'::uuid), COALESCE(division_id, '00000000-0000-0000-0000-000000000000'::uuid), COALESCE(business_unit_id, '00000000-0000-0000-0000-000000000000'::uuid), COALESCE(category_id, '00000000-0000-0000-0000-000000000000'::uuid), COALESCE(level_id, '00000000-0000-0000-0000-000000000000'::uuid), COALESCE(location_id, '00000000-0000-0000-0000-000000000000'::uuid)) WHERE (status = 'active'::config_status)"
increment_method_configs,increment_method_configs_pkey,CREATE UNIQUE INDEX increment_method_configs_pkey ON public.increment_method_configs USING btree (id)
increment_method_slabs,increment_method_slabs_config_idx,"CREATE INDEX increment_method_slabs_config_idx ON public.increment_method_slabs USING btree (method_config_id, sort_order)"
increment_method_slabs,increment_method_slabs_pkey,CREATE UNIQUE INDEX increment_method_slabs_pkey ON public.increment_method_slabs USING btree (id)
increment_run_items,idx_increment_run_items_emp,CREATE INDEX idx_increment_run_items_emp ON public.increment_run_items USING btree (employee_id)
increment_run_items,idx_increment_run_items_run,CREATE INDEX idx_increment_run_items_run ON public.increment_run_items USING btree (run_id)
increment_run_items,increment_run_items_pkey,CREATE UNIQUE INDEX increment_run_items_pkey ON public.increment_run_items USING btree (id)
increment_runs,idx_increment_runs_year,"CREATE INDEX idx_increment_runs_year ON public.increment_runs USING btree (assessment_year, triggered_at DESC)"
increment_runs,increment_runs_pkey,CREATE UNIQUE INDEX increment_runs_pkey ON public.increment_runs USING btree (id)
increment_slabs,idx_increment_slabs_year,CREATE INDEX idx_increment_slabs_year ON public.increment_slabs USING btree (assessment_year)
increment_slabs,increment_slabs_pkey,CREATE UNIQUE INDEX increment_slabs_pkey ON public.increment_slabs USING btree (id)
increment_slabs_audit,increment_slabs_audit_pkey,CREATE UNIQUE INDEX increment_slabs_audit_pkey ON public.increment_slabs_audit USING btree (id)
integration_connector_registry,integration_connector_registry_pkey,CREATE UNIQUE INDEX integration_connector_registry_pkey ON public.integration_connector_registry USING btree (connector_key)
kpi_audit_logs,idx_audit_logs_on_behalf,CREATE INDEX idx_audit_logs_on_behalf ON public.kpi_audit_logs USING btree (on_behalf_of) WHERE (on_behalf_of IS NOT NULL)
kpi_audit_logs,idx_kpi_audit_logs_kpi_id,CREATE INDEX idx_kpi_audit_logs_kpi_id ON public.kpi_audit_logs USING btree (kpi_id)
kpi_audit_logs,kpi_audit_logs_pkey,CREATE UNIQUE INDEX kpi_audit_logs_pkey ON public.kpi_audit_logs USING btree (id)
kpi_definitions,idx_kpi_definitions_category_id,CREATE INDEX idx_kpi_definitions_category_id ON public.kpi_definitions USING btree (category_id)
kpi_definitions,kpi_definitions_canonical_kra_name_canonical_kpi_name_categ_key,"CREATE UNIQUE INDEX kpi_definitions_canonical_kra_name_canonical_kpi_name_categ_key ON public.kpi_definitions USING btree (canonical_kra_name, canonical_kpi_name, category_id)"
kpi_definitions,kpi_definitions_pkey,CREATE UNIQUE INDEX kpi_definitions_pkey ON public.kpi_definitions USING btree (id)
kpi_dust_emission_rescale_2026_06,kpi_dust_emission_rescale_2026_06_pkey,CREATE UNIQUE INDEX kpi_dust_emission_rescale_2026_06_pkey ON public.kpi_dust_emission_rescale_2026_06 USING btree (id)
kpi_mention_access,idx_kpi_mention_access_kpi,CREATE INDEX idx_kpi_mention_access_kpi ON public.kpi_mention_access USING btree (kpi_id)
kpi_mention_access,idx_kpi_mention_access_user,CREATE INDEX idx_kpi_mention_access_user ON public.kpi_mention_access USING btree (user_id)
kpi_mention_access,kpi_mention_access_pkey,CREATE UNIQUE INDEX kpi_mention_access_pkey ON public.kpi_mention_access USING btree (id)
kpi_mention_access,kpi_mention_access_unique,"CREATE UNIQUE INDEX kpi_mention_access_unique ON public.kpi_mention_access USING btree (kpi_id, user_id)"
kpi_name_aliases,idx_kpi_name_aliases_definition_id,CREATE INDEX idx_kpi_name_aliases_definition_id ON public.kpi_name_aliases USING btree (definition_id)
kpi_name_aliases,kpi_name_aliases_pkey,CREATE UNIQUE INDEX kpi_name_aliases_pkey ON public.kpi_name_aliases USING btree (id)
kpi_name_aliases,kpi_name_aliases_variant_kra_name_variant_kpi_name_category_key,"CREATE UNIQUE INDEX kpi_name_aliases_variant_kra_name_variant_kpi_name_category_key ON public.kpi_name_aliases USING btree (variant_kra_name, variant_kpi_name, category_id)"
kpi_observation_replies,idx_observation_replies_observation_id,CREATE INDEX idx_observation_replies_observation_id ON public.kpi_observation_replies USING btree (observation_id)
kpi_observation_replies,kpi_observation_replies_pkey,CREATE UNIQUE INDEX kpi_observation_replies_pkey ON public.kpi_observation_replies USING btree (id)
kpi_observations,idx_kpi_observations_created_by,CREATE INDEX idx_kpi_observations_created_by ON public.kpi_observations USING btree (created_by)
kpi_observations,idx_kpi_observations_kpi_created,"CREATE INDEX idx_kpi_observations_kpi_created ON public.kpi_observations USING btree (kpi_id, created_at DESC)"
kpi_observations,idx_kpi_observations_kpi_id,CREATE INDEX idx_kpi_observations_kpi_id ON public.kpi_observations USING btree (kpi_id)
kpi_observations,kpi_observations_pkey,CREATE UNIQUE INDEX kpi_observations_pkey ON public.kpi_observations USING btree (id)
kpi_observations,kpi_observations_ticket_number_key,CREATE UNIQUE INDEX kpi_observations_ticket_number_key ON public.kpi_observations USING btree (ticket_number)
kpi_queries,kpi_queries_pkey,CREATE UNIQUE INDEX kpi_queries_pkey ON public.kpi_queries USING btree (id)
kpi_queries,kpi_queries_ticket_number_key,CREATE UNIQUE INDEX kpi_queries_ticket_number_key ON public.kpi_queries USING btree (ticket_number)
kpi_registry_audit_log,idx_registry_audit_action,CREATE INDEX idx_registry_audit_action ON public.kpi_registry_audit_log USING btree (action)
kpi_registry_audit_log,idx_registry_audit_created,CREATE INDEX idx_registry_audit_created ON public.kpi_registry_audit_log USING btree (created_at DESC)
kpi_registry_audit_log,kpi_registry_audit_log_pkey,CREATE UNIQUE INDEX kpi_registry_audit_log_pkey ON public.kpi_registry_audit_log USING btree (id)
kpi_rollback_requests,idx_one_pending_rollback_per_kpi,CREATE UNIQUE INDEX idx_one_pending_rollback_per_kpi ON public.kpi_rollback_requests USING btree (kpi_id) WHERE (status = 'pending'::text)
kpi_rollback_requests,kpi_rollback_requests_pkey,CREATE UNIQUE INDEX kpi_rollback_requests_pkey ON public.kpi_rollback_requests USING btree (id)
kpi_scanner_skips,idx_kpi_scanner_skips_cat,CREATE INDEX idx_kpi_scanner_skips_cat ON public.kpi_scanner_skips USING btree (category_id)
kpi_scanner_skips,kpi_scanner_skips_pkey,CREATE UNIQUE INDEX kpi_scanner_skips_pkey ON public.kpi_scanner_skips USING btree (id)
kpi_scanner_skips,kpi_scanner_skips_unique,"CREATE UNIQUE INDEX kpi_scanner_skips_unique ON public.kpi_scanner_skips USING btree (category_id, normalized_kpi)"
kpi_standardization_actions,idx_kpi_std_actions_definition_id,CREATE INDEX idx_kpi_std_actions_definition_id ON public.kpi_standardization_actions USING btree (definition_id)
kpi_standardization_actions,idx_kpi_std_actions_performed_at,CREATE INDEX idx_kpi_std_actions_performed_at ON public.kpi_standardization_actions USING btree (performed_at DESC)
kpi_standardization_actions,idx_kpi_std_actions_type,CREATE INDEX idx_kpi_std_actions_type ON public.kpi_standardization_actions USING btree (action_type)
kpi_standardization_actions,kpi_standardization_actions_pkey,CREATE UNIQUE INDEX kpi_standardization_actions_pkey ON public.kpi_standardization_actions USING btree (id)
kpi_templates,idx_kpi_templates_created_by,CREATE INDEX idx_kpi_templates_created_by ON public.kpi_templates USING btree (created_by)
kpi_templates,kpi_templates_pkey,CREATE UNIQUE INDEX kpi_templates_pkey ON public.kpi_templates USING btree (id)
kpis,idx_kpis_business_unit_id,CREATE INDEX idx_kpis_business_unit_id ON public.kpis USING btree (business_unit_id) WHERE (business_unit_id IS NOT NULL)
kpis,idx_kpis_created_at_desc,CREATE INDEX idx_kpis_created_at_desc ON public.kpis USING btree (created_at DESC)
kpis,idx_kpis_dedupe_lookup,"CREATE INDEX idx_kpis_dedupe_lookup ON public.kpis USING btree (category_id, kra_name, kpi_name, review_period, review_year, is_org_level)"
kpis,idx_kpis_division_id,CREATE INDEX idx_kpis_division_id ON public.kpis USING btree (division_id) WHERE (division_id IS NOT NULL)
kpis,idx_kpis_dup_check,"CREATE INDEX idx_kpis_dup_check ON public.kpis USING btree (category_id, kra_name, kpi_name, review_period, review_year, is_org_level)"
kpis,idx_kpis_emp_created,"CREATE INDEX idx_kpis_emp_created ON public.kpis USING btree (employee_id, created_at)"
kpis,idx_kpis_employee_id,CREATE INDEX idx_kpis_employee_id ON public.kpis USING btree (employee_id)
kpis,idx_kpis_employee_period,"CREATE INDEX idx_kpis_employee_period ON public.kpis USING btree (employee_id, review_period, review_year)"
kpis,idx_kpis_kpi_definition_id,CREATE INDEX idx_kpis_kpi_definition_id ON public.kpis USING btree (kpi_definition_id)
kpis,idx_kpis_level_id,CREATE INDEX idx_kpis_level_id ON public.kpis USING btree (level_id) WHERE (level_id IS NOT NULL)
kpis,idx_kpis_location_id,CREATE INDEX idx_kpis_location_id ON public.kpis USING btree (location_id) WHERE (location_id IS NOT NULL)
kpis,idx_kpis_no_duplicates,"CREATE UNIQUE INDEX idx_kpis_no_duplicates ON public.kpis USING btree (employee_id, COALESCE(review_period, ''::text), COALESCE(review_year, 0), kra_name, kpi_name)"
kpis,idx_kpis_org_norm_triple,"CREATE INDEX idx_kpis_org_norm_triple ON public.kpis USING btree (category_id, normalize_kpi_text(kra_name), normalize_kpi_text(kpi_name)) WHERE (is_org_level = true)"
kpis,idx_kpis_org_period_sort,"CREATE INDEX idx_kpis_org_period_sort ON public.kpis USING btree (review_year, review_period, category_id, kra_name, kpi_name) WHERE (is_org_level = true)"
kpis,idx_kpis_org_period_status,"CREATE INDEX idx_kpis_org_period_status ON public.kpis USING btree (review_year, review_period, status) WHERE (is_org_level = true)"
kpis,idx_kpis_orglevel_period,"CREATE INDEX idx_kpis_orglevel_period ON public.kpis USING btree (review_period, review_year, is_org_level) WHERE (employee_id IS NOT NULL)"
kpis,idx_kpis_period_year_created,"CREATE INDEX idx_kpis_period_year_created ON public.kpis USING btree (review_year, review_period, created_at DESC, id)"
kpis,idx_kpis_pms_grade_id,CREATE INDEX idx_kpis_pms_grade_id ON public.kpis USING btree (pms_grade_id) WHERE (pms_grade_id IS NOT NULL)
kpis,idx_kpis_review_year_period,"CREATE INDEX idx_kpis_review_year_period ON public.kpis USING btree (review_year, review_period)"
kpis,idx_kpis_scope_period_year,"CREATE INDEX idx_kpis_scope_period_year ON public.kpis USING btree (org_level_scope, review_period, review_year)"
kpis,idx_kpis_source_template,CREATE INDEX idx_kpis_source_template ON public.kpis USING btree (source_template_id)
kpis,idx_kpis_status_period_year,"CREATE INDEX idx_kpis_status_period_year ON public.kpis USING btree (status, review_period, review_year)"
kpis,kpis_kpi_name_trgm_idx,CREATE INDEX kpis_kpi_name_trgm_idx ON public.kpis USING gin (lower(TRIM(BOTH FROM kpi_name)) extensions.gin_trgm_ops)
kpis,kpis_pkey,CREATE UNIQUE INDEX kpis_pkey ON public.kpis USING btree (id)
kra_categories,kra_categories_pkey,CREATE UNIQUE INDEX kra_categories_pkey ON public.kra_categories USING btree (id)
kra_rollover_logs,kra_rollover_logs_pkey,CREATE UNIQUE INDEX kra_rollover_logs_pkey ON public.kra_rollover_logs USING btree (id)
levels,levels_pkey,CREATE UNIQUE INDEX levels_pkey ON public.levels USING btree (id)
locations,idx_locations_active,CREATE INDEX idx_locations_active ON public.locations USING btree (is_active)
locations,idx_locations_code_lower,CREATE UNIQUE INDEX idx_locations_code_lower ON public.locations USING btree (lower(code)) WHERE (code IS NOT NULL)
locations,idx_locations_company,CREATE INDEX idx_locations_company ON public.locations USING btree (company_id)
locations,idx_locations_name_lower,CREATE UNIQUE INDEX idx_locations_name_lower ON public.locations USING btree (lower(name))
locations,locations_pkey,CREATE UNIQUE INDEX locations_pkey ON public.locations USING btree (id)
menu_access_config,menu_access_config_menu_key_key,CREATE UNIQUE INDEX menu_access_config_menu_key_key ON public.menu_access_config USING btree (menu_key)
menu_access_config,menu_access_config_pkey,CREATE UNIQUE INDEX menu_access_config_pkey ON public.menu_access_config USING btree (id)
menu_access_user_overrides,menu_access_user_overrides_menu_key_user_id_key,"CREATE UNIQUE INDEX menu_access_user_overrides_menu_key_user_id_key ON public.menu_access_user_overrides USING btree (menu_key, user_id)"
menu_access_user_overrides,menu_access_user_overrides_pkey,CREATE UNIQUE INDEX menu_access_user_overrides_pkey ON public.menu_access_user_overrides USING btree (id)
menu_override_audit,menu_override_audit_menu_idx,"CREATE INDEX menu_override_audit_menu_idx ON public.menu_override_audit USING btree (menu_key, changed_at DESC)"
menu_override_audit,menu_override_audit_pkey,CREATE UNIQUE INDEX menu_override_audit_pkey ON public.menu_override_audit USING btree (id)
menu_overrides,menu_overrides_active_idx,CREATE INDEX menu_overrides_active_idx ON public.menu_overrides USING btree (is_active) WHERE is_active
menu_overrides,menu_overrides_pkey,CREATE UNIQUE INDEX menu_overrides_pkey ON public.menu_overrides USING btree (id)
menu_overrides,menu_overrides_unique_key_client,"CREATE UNIQUE INDEX menu_overrides_unique_key_client ON public.menu_overrides USING btree (menu_key, COALESCE((client_id)::text, '__global__'::text))"
menu_registry,menu_registry_pkey,CREATE UNIQUE INDEX menu_registry_pkey ON public.menu_registry USING btree (menu_key)
module_registry,module_registry_pkey,CREATE UNIQUE INDEX module_registry_pkey ON public.module_registry USING btree (module_key)
modules,modules_code_key,CREATE UNIQUE INDEX modules_code_key ON public.modules USING btree (code)
modules,modules_pkey,CREATE UNIQUE INDEX modules_pkey ON public.modules USING btree (id)
mv_safety_audit_scoreboard,idx_mv_safety_audit_bu,CREATE UNIQUE INDEX idx_mv_safety_audit_bu ON public.mv_safety_audit_scoreboard USING btree (business_unit_id)
mv_safety_dept_risk_trend,uq_mv_safety_dept_risk_trend,"CREATE UNIQUE INDEX uq_mv_safety_dept_risk_trend ON public.mv_safety_dept_risk_trend USING btree (COALESCE(department_id, '00000000-0000-0000-0000-000000000000'::uuid), month)"
mv_safety_incident_monthly_trend,idx_mv_safety_trend_bu_month,"CREATE UNIQUE INDEX idx_mv_safety_trend_bu_month ON public.mv_safety_incident_monthly_trend USING btree (COALESCE(business_unit_id, '00000000-0000-0000-0000-000000000000'::uuid), month_start)"
mv_safety_incidents_open_vs_closed,idx_mv_safety_oc_bu,CREATE UNIQUE INDEX idx_mv_safety_oc_bu ON public.mv_safety_incidents_open_vs_closed USING btree (business_unit_id)
mv_safety_permit_throughput,idx_mv_safety_permit_bu,CREATE UNIQUE INDEX idx_mv_safety_permit_bu ON public.mv_safety_permit_throughput USING btree (business_unit_id)
mv_safety_recurrence,uq_mv_safety_recurrence,"CREATE UNIQUE INDEX uq_mv_safety_recurrence ON public.mv_safety_recurrence USING btree (location_label, incident_type, COALESCE(business_unit_id, '00000000-0000-0000-0000-000000000000'::uuid), COALESCE(department_id, '00000000-0000-0000-0000-000000000000'::uuid))"
mv_safety_severity_rate,idx_mv_safety_sev_bu,CREATE UNIQUE INDEX idx_mv_safety_sev_bu ON public.mv_safety_severity_rate USING btree (business_unit_id)
mv_safety_top_root_causes,uq_mv_safety_top_root_causes,"CREATE UNIQUE INDEX uq_mv_safety_top_root_causes ON public.mv_safety_top_root_causes USING btree (cause, severity)"
notification_event_registry,notification_event_registry_pkey,CREATE UNIQUE INDEX notification_event_registry_pkey ON public.notification_event_registry USING btree (event_key)
notifications,idx_notifications_user_unread,"CREATE INDEX idx_notifications_user_unread ON public.notifications USING btree (user_id, is_read, created_at DESC)"
notifications,notifications_pkey,CREATE UNIQUE INDEX notifications_pkey ON public.notifications USING btree (id)
okv_migration_history,idx_okv_migration_history_lookup,"CREATE INDEX idx_okv_migration_history_lookup ON public.okv_migration_history USING btree (category_id, kra_name, kpi_name, review_period, review_year)"
okv_migration_history,okv_migration_history_pkey,CREATE UNIQUE INDEX okv_migration_history_pkey ON public.okv_migration_history USING btree (id)
org_head_config,org_head_config_company_id_key,CREATE UNIQUE INDEX org_head_config_company_id_key ON public.org_head_config USING btree (company_id)
org_head_config,org_head_config_pkey,CREATE UNIQUE INDEX org_head_config_pkey ON public.org_head_config USING btree (id)
org_kpi_data_entry_logs,idx_org_kpi_data_entry_logs_lookup,"CREATE INDEX idx_org_kpi_data_entry_logs_lookup ON public.org_kpi_data_entry_logs USING btree (category_id, kra_name, kpi_name, review_period, review_year)"
org_kpi_data_entry_logs,idx_org_kpi_data_entry_logs_value_id,CREATE INDEX idx_org_kpi_data_entry_logs_value_id ON public.org_kpi_data_entry_logs USING btree (org_kpi_value_id)
org_kpi_data_entry_logs,idx_org_kpi_entry_logs_key_created,"CREATE INDEX idx_org_kpi_entry_logs_key_created ON public.org_kpi_data_entry_logs USING btree (category_id, kra_name, kpi_name, review_period, review_year, created_at DESC)"
org_kpi_data_entry_logs,idx_org_kpi_logs_lookup,"CREATE INDEX idx_org_kpi_logs_lookup ON public.org_kpi_data_entry_logs USING btree (category_id, kra_name, kpi_name, review_period, review_year, created_at DESC)"
org_kpi_data_entry_logs,org_kpi_data_entry_logs_pkey,CREATE UNIQUE INDEX org_kpi_data_entry_logs_pkey ON public.org_kpi_data_entry_logs USING btree (id)
org_kpi_data_owners,idx_okdo_business_unit_id,CREATE INDEX idx_okdo_business_unit_id ON public.org_kpi_data_owners USING btree (business_unit_id) WHERE (business_unit_id IS NOT NULL)
org_kpi_data_owners,idx_okdo_department_id,CREATE INDEX idx_okdo_department_id ON public.org_kpi_data_owners USING btree (department_id) WHERE (department_id IS NOT NULL)
org_kpi_data_owners,idx_okdo_division_id,CREATE INDEX idx_okdo_division_id ON public.org_kpi_data_owners USING btree (division_id) WHERE (division_id IS NOT NULL)
org_kpi_data_owners,idx_okdo_level_id,CREATE INDEX idx_okdo_level_id ON public.org_kpi_data_owners USING btree (level_id) WHERE (level_id IS NOT NULL)
org_kpi_data_owners,idx_okdo_location_id,CREATE INDEX idx_okdo_location_id ON public.org_kpi_data_owners USING btree (location_id) WHERE (location_id IS NOT NULL)
org_kpi_data_owners,idx_okdo_norm_triple,"CREATE INDEX idx_okdo_norm_triple ON public.org_kpi_data_owners USING btree (category_id, normalize_kpi_text(kra_name), normalize_kpi_text(kpi_name), owner_id)"
org_kpi_data_owners,idx_okdo_pms_grade_id,CREATE INDEX idx_okdo_pms_grade_id ON public.org_kpi_data_owners USING btree (pms_grade_id) WHERE (pms_grade_id IS NOT NULL)
org_kpi_data_owners,idx_okdo_scope,CREATE INDEX idx_okdo_scope ON public.org_kpi_data_owners USING btree (org_level_scope)
org_kpi_data_owners,org_kpi_data_owners_category_id_kra_name_kpi_name_owner_id_key,"CREATE UNIQUE INDEX org_kpi_data_owners_category_id_kra_name_kpi_name_owner_id_key ON public.org_kpi_data_owners USING btree (category_id, kra_name, kpi_name, owner_id)"
org_kpi_data_owners,org_kpi_data_owners_pkey,CREATE UNIQUE INDEX org_kpi_data_owners_pkey ON public.org_kpi_data_owners USING btree (id)
org_kpi_owner_key_backup,org_kpi_owner_key_backup_pkey,CREATE UNIQUE INDEX org_kpi_owner_key_backup_pkey ON public.org_kpi_owner_key_backup USING btree (id)
org_kpi_value_history,idx_org_kpi_value_history_created,CREATE INDEX idx_org_kpi_value_history_created ON public.org_kpi_value_history USING btree (created_at DESC)
org_kpi_value_history,idx_org_kpi_value_history_lookup,"CREATE INDEX idx_org_kpi_value_history_lookup ON public.org_kpi_value_history USING btree (category_id, kra_name, kpi_name, review_period, review_year)"
org_kpi_value_history,idx_org_kpi_value_history_value_id,CREATE INDEX idx_org_kpi_value_history_value_id ON public.org_kpi_value_history USING btree (org_kpi_value_id)
org_kpi_value_history,org_kpi_value_history_pkey,CREATE UNIQUE INDEX org_kpi_value_history_pkey ON public.org_kpi_value_history USING btree (id)
org_kpi_values,idx_okv_business_unit_id,CREATE INDEX idx_okv_business_unit_id ON public.org_kpi_values USING btree (business_unit_id) WHERE (business_unit_id IS NOT NULL)
org_kpi_values,idx_okv_division_id,CREATE INDEX idx_okv_division_id ON public.org_kpi_values USING btree (division_id) WHERE (division_id IS NOT NULL)
org_kpi_values,idx_okv_level_id,CREATE INDEX idx_okv_level_id ON public.org_kpi_values USING btree (level_id) WHERE (level_id IS NOT NULL)
org_kpi_values,idx_okv_location_id,CREATE INDEX idx_okv_location_id ON public.org_kpi_values USING btree (location_id) WHERE (location_id IS NOT NULL)
org_kpi_values,idx_okv_lookup_norm,"CREATE INDEX idx_okv_lookup_norm ON public.org_kpi_values USING btree (review_year, review_period, category_id, normalize_kpi_text(kra_name), normalize_kpi_text(kpi_name))"
org_kpi_values,idx_okv_norm_triple,"CREATE INDEX idx_okv_norm_triple ON public.org_kpi_values USING btree (category_id, normalize_kpi_text(kra_name), normalize_kpi_text(kpi_name))"
org_kpi_values,idx_okv_pms_grade_id,CREATE INDEX idx_okv_pms_grade_id ON public.org_kpi_values USING btree (pms_grade_id) WHERE (pms_grade_id IS NOT NULL)
org_kpi_values,idx_org_kpi_values_department,CREATE INDEX idx_org_kpi_values_department ON public.org_kpi_values USING btree (department_id) WHERE (department_id IS NOT NULL)
org_kpi_values,idx_org_kpi_values_employee,CREATE INDEX idx_org_kpi_values_employee ON public.org_kpi_values USING btree (employee_id) WHERE (employee_id IS NOT NULL)
org_kpi_values,idx_org_kpi_values_lookup,"CREATE INDEX idx_org_kpi_values_lookup ON public.org_kpi_values USING btree (category_id, review_period, review_year)"
org_kpi_values,org_kpi_values_pkey,CREATE UNIQUE INDEX org_kpi_values_pkey ON public.org_kpi_values USING btree (id)
org_kpi_values,org_kpi_values_scope_unique_idx,"CREATE UNIQUE INDEX org_kpi_values_scope_unique_idx ON public.org_kpi_values USING btree (category_id, kra_name, kpi_name, review_period, review_year, COALESCE(department_id, '00000000-0000-0000-0000-000000000000'::uuid), COALESCE(employee_id, '00000000-0000-0000-0000-000000000000'::uuid))"
password_rollout_logs,idx_password_rollout_logs_user_id,CREATE INDEX idx_password_rollout_logs_user_id ON public.password_rollout_logs USING btree (user_id)
password_rollout_logs,password_rollout_logs_pkey,CREATE UNIQUE INDEX password_rollout_logs_pkey ON public.password_rollout_logs USING btree (id)
performance_improvement_plans,idx_pip_employee,CREATE INDEX idx_pip_employee ON public.performance_improvement_plans USING btree (employee_id)
performance_improvement_plans,idx_pip_initiated_by,CREATE INDEX idx_pip_initiated_by ON public.performance_improvement_plans USING btree (initiated_by)
performance_improvement_plans,idx_pip_status,CREATE INDEX idx_pip_status ON public.performance_improvement_plans USING btree (status)
performance_improvement_plans,performance_improvement_plans_pkey,CREATE UNIQUE INDEX performance_improvement_plans_pkey ON public.performance_improvement_plans USING btree (id)
performance_reviews,idx_performance_reviews_employee_id,CREATE INDEX idx_performance_reviews_employee_id ON public.performance_reviews USING btree (employee_id)
performance_reviews,performance_reviews_pkey,CREATE UNIQUE INDEX performance_reviews_pkey ON public.performance_reviews USING btree (id)
pip_audit_logs,idx_pip_audit_pip,CREATE INDEX idx_pip_audit_pip ON public.pip_audit_logs USING btree (pip_id)
pip_audit_logs,pip_audit_logs_pkey,CREATE UNIQUE INDEX pip_audit_logs_pkey ON public.pip_audit_logs USING btree (id)
pip_milestones,idx_pip_milestones_date,CREATE INDEX idx_pip_milestones_date ON public.pip_milestones USING btree (milestone_date)
pip_milestones,idx_pip_milestones_pip,CREATE INDEX idx_pip_milestones_pip ON public.pip_milestones USING btree (pip_id)
pip_milestones,pip_milestones_pkey,CREATE UNIQUE INDEX pip_milestones_pkey ON public.pip_milestones USING btree (id)
pms_evidence_compression_jobs,idx_pms_compress_pending,"CREATE INDEX idx_pms_compress_pending ON public.pms_evidence_compression_jobs USING btree (status, enqueued_at) WHERE (status = ANY (ARRAY['pending'::text, 'failed'::text]))"
pms_evidence_compression_jobs,pms_evidence_compression_jobs_pkey,CREATE UNIQUE INDEX pms_evidence_compression_jobs_pkey ON public.pms_evidence_compression_jobs USING btree (id)
pms_evidence_compression_jobs,pms_evidence_compression_jobs_source_table_source_id_source_key,"CREATE UNIQUE INDEX pms_evidence_compression_jobs_source_table_source_id_source_key ON public.pms_evidence_compression_jobs USING btree (source_table, source_id, source_column, array_index, original_url)"
pms_grades,pms_grades_name_key,CREATE UNIQUE INDEX pms_grades_name_key ON public.pms_grades USING btree (name)
pms_grades,pms_grades_pkey,CREATE UNIQUE INDEX pms_grades_pkey ON public.pms_grades USING btree (id)
privacy_consent_settings,idx_privacy_consent_settings_module,CREATE INDEX idx_privacy_consent_settings_module ON public.privacy_consent_settings USING btree (module_key)
privacy_consent_settings,privacy_consent_settings_key_unique,CREATE UNIQUE INDEX privacy_consent_settings_key_unique ON public.privacy_consent_settings USING btree (consent_key)
privacy_consent_settings,privacy_consent_settings_pkey,CREATE UNIQUE INDEX privacy_consent_settings_pkey ON public.privacy_consent_settings USING btree (id)
production_daily_entries,production_daily_entries_pkey,CREATE UNIQUE INDEX production_daily_entries_pkey ON public.production_daily_entries USING btree (id)
production_daily_entries,production_daily_entries_program_id_employee_id_month_year_key,"CREATE UNIQUE INDEX production_daily_entries_program_id_employee_id_month_year_key ON public.production_daily_entries USING btree (program_id, employee_id, month, year)"
production_targets,production_targets_pkey,CREATE UNIQUE INDEX production_targets_pkey ON public.production_targets USING btree (id)
production_targets,production_targets_program_id_business_unit_id_sub_unit_lab_key,"CREATE UNIQUE INDEX production_targets_program_id_business_unit_id_sub_unit_lab_key ON public.production_targets USING btree (program_id, business_unit_id, sub_unit_label, slab_category, month, year)"
profiles,idx_profiles_active_designation,"CREATE INDEX idx_profiles_active_designation ON public.profiles USING btree (is_active, designation) WHERE ((is_active = true) AND (designation IS NOT NULL))"
profiles,idx_profiles_active_fullname,"CREATE INDEX idx_profiles_active_fullname ON public.profiles USING btree (is_active, full_name) WHERE (is_active = true)"
profiles,idx_profiles_active_manager,CREATE INDEX idx_profiles_active_manager ON public.profiles USING btree (reporting_manager_id) WHERE (is_active = true)
profiles,idx_profiles_employee_code_lower_active,CREATE INDEX idx_profiles_employee_code_lower_active ON public.profiles USING btree (lower(employee_code)) WHERE (is_active = true)
profiles,idx_profiles_functional_manager_id,CREATE INDEX idx_profiles_functional_manager_id ON public.profiles USING btree (functional_manager_id) WHERE (functional_manager_id IS NOT NULL)
profiles,idx_profiles_is_dummy_employee,CREATE INDEX idx_profiles_is_dummy_employee ON public.profiles USING btree (is_dummy_employee) WHERE (is_dummy_employee = true)
profiles,idx_profiles_level_id,CREATE INDEX idx_profiles_level_id ON public.profiles USING btree (level_id) WHERE (level_id IS NOT NULL)
profiles,idx_profiles_location_id,CREATE INDEX idx_profiles_location_id ON public.profiles USING btree (location_id)
profiles,idx_profiles_pms_grade_id,CREATE INDEX idx_profiles_pms_grade_id ON public.profiles USING btree (pms_grade_id) WHERE (pms_grade_id IS NOT NULL)
profiles,idx_profiles_reporting_manager_id,CREATE INDEX idx_profiles_reporting_manager_id ON public.profiles USING btree (reporting_manager_id)
profiles,profiles_employee_code_key,CREATE UNIQUE INDEX profiles_employee_code_key ON public.profiles USING btree (employee_code)
profiles,profiles_pkey,CREATE UNIQUE INDEX profiles_pkey ON public.profiles USING btree (id)
profiles,ux_profiles_email_ci,CREATE UNIQUE INDEX ux_profiles_email_ci ON public.profiles USING btree (lower(email)) WHERE (email IS NOT NULL)
registry_suggestion_dismissals,registry_suggestion_dismissals_pkey,"CREATE UNIQUE INDEX registry_suggestion_dismissals_pkey ON public.registry_suggestion_dismissals USING btree (kind, left_id, right_id)"
report_access_config,report_access_config_pkey,CREATE UNIQUE INDEX report_access_config_pkey ON public.report_access_config USING btree (id)
report_access_config,report_access_config_report_key_key,CREATE UNIQUE INDEX report_access_config_report_key_key ON public.report_access_config USING btree (report_key)
report_access_user_overrides,report_access_user_overrides_pkey,CREATE UNIQUE INDEX report_access_user_overrides_pkey ON public.report_access_user_overrides USING btree (id)
report_access_user_overrides,report_access_user_overrides_report_key_user_id_key,"CREATE UNIQUE INDEX report_access_user_overrides_report_key_user_id_key ON public.report_access_user_overrides USING btree (report_key, user_id)"
report_field_override_audit,report_field_override_audit_pkey,CREATE UNIQUE INDEX report_field_override_audit_pkey ON public.report_field_override_audit USING btree (id)
report_field_overrides,report_field_overrides_pkey,CREATE UNIQUE INDEX report_field_overrides_pkey ON public.report_field_overrides USING btree (id)
report_field_overrides,report_field_overrides_uniq,"CREATE UNIQUE INDEX report_field_overrides_uniq ON public.report_field_overrides USING btree (report_id, field_key, COALESCE((client_id)::text, '__global__'::text)) WHERE (is_active = true)"
report_field_registry,report_field_registry_pkey,CREATE UNIQUE INDEX report_field_registry_pkey ON public.report_field_registry USING btree (id)
report_field_registry,report_field_registry_report_id_field_key_key,"CREATE UNIQUE INDEX report_field_registry_report_id_field_key_key ON public.report_field_registry USING btree (report_id, field_key)"
report_registry,report_registry_pkey,CREATE UNIQUE INDEX report_registry_pkey ON public.report_registry USING btree (report_id)
report_registry,report_registry_report_key_key,CREATE UNIQUE INDEX report_registry_report_key_key ON public.report_registry USING btree (report_key)
report_registry_v2,report_registry_v2_pkey,CREATE UNIQUE INDEX report_registry_v2_pkey ON public.report_registry_v2 USING btree (report_key)
retention_policies,idx_retention_policies_module,CREATE INDEX idx_retention_policies_module ON public.retention_policies USING btree (module_key)
retention_policies,retention_policies_domain_key_unique,CREATE UNIQUE INDEX retention_policies_domain_key_unique ON public.retention_policies USING btree (domain_key)
retention_policies,retention_policies_pkey,CREATE UNIQUE INDEX retention_policies_pkey ON public.retention_policies USING btree (id)
review_action_notes,idx_ran_applicable_from,CREATE INDEX idx_ran_applicable_from ON public.review_action_notes USING btree (applicable_from)
review_action_notes,idx_ran_assignee,CREATE INDEX idx_ran_assignee ON public.review_action_notes USING btree (assignee_id)
review_action_notes,idx_ran_created_by,CREATE INDEX idx_ran_created_by ON public.review_action_notes USING btree (created_by)
review_action_notes,idx_ran_period,CREATE INDEX idx_ran_period ON public.review_action_notes USING btree (period_id)
review_action_notes,idx_ran_status,CREATE INDEX idx_ran_status ON public.review_action_notes USING btree (status)
review_action_notes,idx_ran_subject,CREATE INDEX idx_ran_subject ON public.review_action_notes USING btree (subject_employee_id)
review_action_notes,review_action_notes_pkey,CREATE UNIQUE INDEX review_action_notes_pkey ON public.review_action_notes USING btree (id)
review_period_audit_log,review_period_audit_log_pkey,CREATE UNIQUE INDEX review_period_audit_log_pkey ON public.review_period_audit_log USING btree (id)
review_period_auto_rules,idx_review_period_auto_rules_created_by,CREATE INDEX idx_review_period_auto_rules_created_by ON public.review_period_auto_rules USING btree (created_by)
review_period_auto_rules,review_period_auto_rules_pkey,CREATE UNIQUE INDEX review_period_auto_rules_pkey ON public.review_period_auto_rules USING btree (id)
review_period_locks,idx_rpl_active_period_type,"CREATE INDEX idx_rpl_active_period_type ON public.review_period_locks USING btree (review_period_id, lock_type) WHERE (is_locked = true)"
review_period_locks,review_period_locks_pkey,CREATE UNIQUE INDEX review_period_locks_pkey ON public.review_period_locks USING btree (id)
review_period_locks,review_period_locks_unique_target,"CREATE UNIQUE INDEX review_period_locks_unique_target ON public.review_period_locks USING btree (review_period_id, lock_type, COALESCE(target_id, '__global__'::text))"
review_period_stages,review_period_stages_pkey,CREATE UNIQUE INDEX review_period_stages_pkey ON public.review_period_stages USING btree (id)
review_periods,review_periods_period_name_review_year_key,"CREATE UNIQUE INDEX review_periods_period_name_review_year_key ON public.review_periods USING btree (period_name, review_year)"
review_periods,review_periods_pkey,CREATE UNIQUE INDEX review_periods_pkey ON public.review_periods USING btree (id)
review_submissions,idx_review_submissions_kpi_id,CREATE INDEX idx_review_submissions_kpi_id ON public.review_submissions USING btree (kpi_id)
review_submissions,review_submissions_kpi_id_unique,CREATE UNIQUE INDEX review_submissions_kpi_id_unique ON public.review_submissions USING btree (kpi_id)
review_submissions,review_submissions_pkey,CREATE UNIQUE INDEX review_submissions_pkey ON public.review_submissions USING btree (id)
safety_asset_calibrations,idx_safety_asset_cal_asset,"CREATE INDEX idx_safety_asset_cal_asset ON public.safety_asset_calibrations USING btree (asset_id, performed_at DESC)"
safety_asset_calibrations,safety_asset_calibrations_pkey,CREATE UNIQUE INDEX safety_asset_calibrations_pkey ON public.safety_asset_calibrations USING btree (id)
safety_asset_evidence,idx_safety_asset_evidence_asset,CREATE INDEX idx_safety_asset_evidence_asset ON public.safety_asset_evidence USING btree (asset_id)
safety_asset_evidence,safety_asset_evidence_pkey,CREATE UNIQUE INDEX safety_asset_evidence_pkey ON public.safety_asset_evidence USING btree (id)
safety_assets,idx_safety_assets_bu,CREATE INDEX idx_safety_assets_bu ON public.safety_assets USING btree (business_unit_id)
safety_assets,idx_safety_assets_category,CREATE INDEX idx_safety_assets_category ON public.safety_assets USING btree (category)
safety_assets,idx_safety_assets_dept,CREATE INDEX idx_safety_assets_dept ON public.safety_assets USING btree (department_id)
safety_assets,idx_safety_assets_expires,CREATE INDEX idx_safety_assets_expires ON public.safety_assets USING btree (calibration_expires_at) WHERE (calibration_required = true)
safety_assets,idx_safety_assets_status,CREATE INDEX idx_safety_assets_status ON public.safety_assets USING btree (status)
safety_assets,safety_assets_asset_code_key,CREATE UNIQUE INDEX safety_assets_asset_code_key ON public.safety_assets USING btree (asset_code)
safety_assets,safety_assets_pkey,CREATE UNIQUE INDEX safety_assets_pkey ON public.safety_assets USING btree (id)
safety_audit_log,safety_audit_log_created_idx,CREATE INDEX safety_audit_log_created_idx ON public.safety_audit_log USING btree (created_at DESC)
safety_audit_log,safety_audit_log_entity_idx,"CREATE INDEX safety_audit_log_entity_idx ON public.safety_audit_log USING btree (entity_type, entity_id)"
safety_audit_log,safety_audit_log_pkey,CREATE UNIQUE INDEX safety_audit_log_pkey ON public.safety_audit_log USING btree (id)
safety_audit_run_responses,idx_safety_audit_resp_run,CREATE INDEX idx_safety_audit_resp_run ON public.safety_audit_run_responses USING btree (run_id)
safety_audit_run_responses,safety_audit_run_responses_pkey,CREATE UNIQUE INDEX safety_audit_run_responses_pkey ON public.safety_audit_run_responses USING btree (id)
safety_audit_run_responses,safety_audit_run_responses_run_id_item_id_key,"CREATE UNIQUE INDEX safety_audit_run_responses_run_id_item_id_key ON public.safety_audit_run_responses USING btree (run_id, item_id)"
safety_audit_runs,idx_safety_audit_runs_bu,CREATE INDEX idx_safety_audit_runs_bu ON public.safety_audit_runs USING btree (business_unit_id)
safety_audit_runs,idx_safety_audit_runs_status,CREATE INDEX idx_safety_audit_runs_status ON public.safety_audit_runs USING btree (status)
safety_audit_runs,idx_safety_audit_runs_tpl,"CREATE INDEX idx_safety_audit_runs_tpl ON public.safety_audit_runs USING btree (template_id, conducted_at DESC)"
safety_audit_runs,safety_audit_runs_pkey,CREATE UNIQUE INDEX safety_audit_runs_pkey ON public.safety_audit_runs USING btree (id)
safety_audit_template_items,idx_safety_audit_items_tpl,"CREATE INDEX idx_safety_audit_items_tpl ON public.safety_audit_template_items USING btree (template_id, sort_order)"
safety_audit_template_items,safety_audit_template_items_pkey,CREATE UNIQUE INDEX safety_audit_template_items_pkey ON public.safety_audit_template_items USING btree (id)
safety_audit_templates,idx_safety_audit_templates_active,CREATE INDEX idx_safety_audit_templates_active ON public.safety_audit_templates USING btree (is_active)
safety_audit_templates,safety_audit_templates_code_key,CREATE UNIQUE INDEX safety_audit_templates_code_key ON public.safety_audit_templates USING btree (code)
safety_audit_templates,safety_audit_templates_pkey,CREATE UNIQUE INDEX safety_audit_templates_pkey ON public.safety_audit_templates USING btree (id)
safety_drill_findings,idx_safety_drill_findings_drill,CREATE INDEX idx_safety_drill_findings_drill ON public.safety_drill_findings USING btree (drill_id)
safety_drill_findings,safety_drill_findings_pkey,CREATE UNIQUE INDEX safety_drill_findings_pkey ON public.safety_drill_findings USING btree (id)
safety_drill_participants,idx_safety_drill_participants_drill,CREATE INDEX idx_safety_drill_participants_drill ON public.safety_drill_participants USING btree (drill_id)
safety_drill_participants,safety_drill_participants_drill_id_user_id_key,"CREATE UNIQUE INDEX safety_drill_participants_drill_id_user_id_key ON public.safety_drill_participants USING btree (drill_id, user_id)"
safety_drill_participants,safety_drill_participants_pkey,CREATE UNIQUE INDEX safety_drill_participants_pkey ON public.safety_drill_participants USING btree (id)
safety_drill_runs,idx_safety_drill_runs_finished_at,CREATE INDEX idx_safety_drill_runs_finished_at ON public.safety_drill_runs USING btree (finished_at DESC)
safety_drill_runs,safety_drill_runs_pkey,CREATE UNIQUE INDEX safety_drill_runs_pkey ON public.safety_drill_runs USING btree (id)
safety_emergency_contacts,idx_safety_emergency_contacts_active,"CREATE INDEX idx_safety_emergency_contacts_active ON public.safety_emergency_contacts USING btree (is_active, sort_order)"
safety_emergency_contacts,safety_emergency_contacts_pkey,CREATE UNIQUE INDEX safety_emergency_contacts_pkey ON public.safety_emergency_contacts USING btree (id)
safety_emergency_drills,idx_safety_drills_bu,CREATE INDEX idx_safety_drills_bu ON public.safety_emergency_drills USING btree (business_unit_id)
safety_emergency_drills,idx_safety_drills_scheduled_at,CREATE INDEX idx_safety_drills_scheduled_at ON public.safety_emergency_drills USING btree (scheduled_at DESC)
safety_emergency_drills,idx_safety_drills_status,CREATE INDEX idx_safety_drills_status ON public.safety_emergency_drills USING btree (status)
safety_emergency_drills,safety_emergency_drills_drill_code_key,CREATE UNIQUE INDEX safety_emergency_drills_drill_code_key ON public.safety_emergency_drills USING btree (drill_code)
safety_emergency_drills,safety_emergency_drills_pkey,CREATE UNIQUE INDEX safety_emergency_drills_pkey ON public.safety_emergency_drills USING btree (id)
safety_incident_evidence,idx_safety_evidence_compression_pending,"CREATE INDEX idx_safety_evidence_compression_pending ON public.safety_incident_evidence USING btree (compression_status, uploaded_at) WHERE (compression_status = ANY (ARRAY['pending'::text, 'failed'::text]))"
safety_incident_evidence,idx_safety_evidence_incident_stage,"CREATE INDEX idx_safety_evidence_incident_stage ON public.safety_incident_evidence USING btree (incident_id, stage)"
safety_incident_evidence,safety_incident_evidence_pkey,CREATE UNIQUE INDEX safety_incident_evidence_pkey ON public.safety_incident_evidence USING btree (id)
safety_incident_progress_logs,idx_safety_progress_incident,"CREATE INDEX idx_safety_progress_incident ON public.safety_incident_progress_logs USING btree (incident_id, created_at)"
safety_incident_progress_logs,safety_incident_progress_logs_pkey,CREATE UNIQUE INDEX safety_incident_progress_logs_pkey ON public.safety_incident_progress_logs USING btree (id)
safety_incident_routing_rules,ix_safety_routing_lookup,"CREATE INDEX ix_safety_routing_lookup ON public.safety_incident_routing_rules USING btree (business_unit_id, department_id, is_active)"
safety_incident_routing_rules,safety_incident_routing_rules_pkey,CREATE UNIQUE INDEX safety_incident_routing_rules_pkey ON public.safety_incident_routing_rules USING btree (id)
safety_incident_routing_rules,uq_safety_routing_active_bu_default,CREATE UNIQUE INDEX uq_safety_routing_active_bu_default ON public.safety_incident_routing_rules USING btree (business_unit_id) WHERE (is_active AND (department_id IS NULL))
safety_incident_routing_rules,uq_safety_routing_active_dept,"CREATE UNIQUE INDEX uq_safety_routing_active_dept ON public.safety_incident_routing_rules USING btree (business_unit_id, department_id) WHERE (is_active AND (department_id IS NOT NULL))"
safety_incident_severities,ix_safety_incident_severities_type,"CREATE INDEX ix_safety_incident_severities_type ON public.safety_incident_severities USING btree (incident_type_id, sort_order)"
safety_incident_severities,safety_incident_severities_incident_type_id_code_key,"CREATE UNIQUE INDEX safety_incident_severities_incident_type_id_code_key ON public.safety_incident_severities USING btree (incident_type_id, code)"
safety_incident_severities,safety_incident_severities_pkey,CREATE UNIQUE INDEX safety_incident_severities_pkey ON public.safety_incident_severities USING btree (id)
safety_incident_sla_rules,safety_incident_sla_rules_pkey,CREATE UNIQUE INDEX safety_incident_sla_rules_pkey ON public.safety_incident_sla_rules USING btree (id)
safety_incident_sla_rules,uq_safety_sla_rules_active_any_priority,"CREATE UNIQUE INDEX uq_safety_sla_rules_active_any_priority ON public.safety_incident_sla_rules USING btree (incident_type_id, severity_id) WHERE (is_active AND (priority IS NULL) AND (incident_type_id IS NOT NULL) AND (severity_id IS NOT NULL))"
safety_incident_sla_rules,uq_safety_sla_rules_active_any_priority_legacy,"CREATE UNIQUE INDEX uq_safety_sla_rules_active_any_priority_legacy ON public.safety_incident_sla_rules USING btree (incident_type, severity) WHERE (is_active AND (priority IS NULL) AND ((incident_type_id IS NULL) OR (severity_id IS NULL)))"
safety_incident_sla_rules,uq_safety_sla_rules_active_specific,"CREATE UNIQUE INDEX uq_safety_sla_rules_active_specific ON public.safety_incident_sla_rules USING btree (incident_type_id, severity_id, priority) WHERE (is_active AND (priority IS NOT NULL) AND (incident_type_id IS NOT NULL) AND (severity_id IS NOT NULL))"
safety_incident_sla_rules,uq_safety_sla_rules_active_specific_legacy,"CREATE UNIQUE INDEX uq_safety_sla_rules_active_specific_legacy ON public.safety_incident_sla_rules USING btree (incident_type, severity, priority) WHERE (is_active AND (priority IS NOT NULL) AND ((incident_type_id IS NULL) OR (severity_id IS NULL)))"
safety_incident_timeline,idx_safety_timeline_incident,"CREATE INDEX idx_safety_timeline_incident ON public.safety_incident_timeline USING btree (incident_id, created_at)"
safety_incident_timeline,safety_incident_timeline_pkey,CREATE UNIQUE INDEX safety_incident_timeline_pkey ON public.safety_incident_timeline USING btree (id)
safety_incident_types,safety_incident_types_code_key,CREATE UNIQUE INDEX safety_incident_types_code_key ON public.safety_incident_types USING btree (code)
safety_incident_types,safety_incident_types_pkey,CREATE UNIQUE INDEX safety_incident_types_pkey ON public.safety_incident_types USING btree (id)
safety_incidents,idx_safety_incidents_actual_reporter,CREATE INDEX idx_safety_incidents_actual_reporter ON public.safety_incidents USING btree (actual_reporter_id)
safety_incidents,idx_safety_incidents_assigned,CREATE INDEX idx_safety_incidents_assigned ON public.safety_incidents USING btree (assigned_to)
safety_incidents,idx_safety_incidents_assigned_status,"CREATE INDEX idx_safety_incidents_assigned_status ON public.safety_incidents USING btree (assigned_to, status) WHERE (status <> 'closed'::safety_incident_status)"
safety_incidents,idx_safety_incidents_bu,CREATE INDEX idx_safety_incidents_bu ON public.safety_incidents USING btree (business_unit_id)
safety_incidents,idx_safety_incidents_close_due,CREATE INDEX idx_safety_incidents_close_due ON public.safety_incidents USING btree (close_due_at)
safety_incidents,idx_safety_incidents_duplicate_of,CREATE INDEX idx_safety_incidents_duplicate_of ON public.safety_incidents USING btree (duplicate_of_id) WHERE (duplicate_of_id IS NOT NULL)
safety_incidents,idx_safety_incidents_reporter,CREATE INDEX idx_safety_incidents_reporter ON public.safety_incidents USING btree (reporter_id)
safety_incidents,idx_safety_incidents_safety_head_id,CREATE INDEX idx_safety_incidents_safety_head_id ON public.safety_incidents USING btree (safety_head_id)
safety_incidents,idx_safety_incidents_status,CREATE INDEX idx_safety_incidents_status ON public.safety_incidents USING btree (status)
safety_incidents,idx_safety_incidents_verifier_id,CREATE INDEX idx_safety_incidents_verifier_id ON public.safety_incidents USING btree (verifier_id)
safety_incidents,safety_incidents_incident_number_key,CREATE UNIQUE INDEX safety_incidents_incident_number_key ON public.safety_incidents USING btree (incident_number)
safety_incidents,safety_incidents_pkey,CREATE UNIQUE INDEX safety_incidents_pkey ON public.safety_incidents USING btree (id)
safety_incidents,uq_safety_incident_client,"CREATE UNIQUE INDEX uq_safety_incident_client ON public.safety_incidents USING btree (reporter_id, client_submission_id)"
safety_master_data,idx_safety_master_data_category,"CREATE INDEX idx_safety_master_data_category ON public.safety_master_data USING btree (category, is_active, sort_order)"
safety_master_data,safety_master_data_pkey,CREATE UNIQUE INDEX safety_master_data_pkey ON public.safety_master_data USING btree (id)
safety_master_data,safety_master_data_unique_code,"CREATE UNIQUE INDEX safety_master_data_unique_code ON public.safety_master_data USING btree (category, code)"
safety_module_access,idx_safety_module_access_user,CREATE INDEX idx_safety_module_access_user ON public.safety_module_access USING btree (user_id)
safety_module_access,safety_module_access_pkey,CREATE UNIQUE INDEX safety_module_access_pkey ON public.safety_module_access USING btree (user_id)
safety_notifications,idx_safety_notifications_incident,CREATE INDEX idx_safety_notifications_incident ON public.safety_notifications USING btree (incident_id)
safety_notifications,idx_safety_notifications_recipient_unread,"CREATE INDEX idx_safety_notifications_recipient_unread ON public.safety_notifications USING btree (recipient_id, is_read, created_at DESC)"
safety_notifications,safety_notifications_pkey,CREATE UNIQUE INDEX safety_notifications_pkey ON public.safety_notifications USING btree (id)
safety_permission_keys,safety_permission_keys_pkey,CREATE UNIQUE INDEX safety_permission_keys_pkey ON public.safety_permission_keys USING btree (key)
safety_permit_approvals,idx_permit_approvals_permit,CREATE INDEX idx_permit_approvals_permit ON public.safety_permit_approvals USING btree (permit_id)
safety_permit_approvals,idx_permit_approvals_role,CREATE INDEX idx_permit_approvals_role ON public.safety_permit_approvals USING btree (approver_role) WHERE (decision IS NULL)
safety_permit_approvals,safety_permit_approvals_permit_id_level_key,"CREATE UNIQUE INDEX safety_permit_approvals_permit_id_level_key ON public.safety_permit_approvals USING btree (permit_id, level)"
safety_permit_approvals,safety_permit_approvals_pkey,CREATE UNIQUE INDEX safety_permit_approvals_pkey ON public.safety_permit_approvals USING btree (id)
safety_permit_evidence,safety_permit_evidence_pkey,CREATE UNIQUE INDEX safety_permit_evidence_pkey ON public.safety_permit_evidence USING btree (id)
safety_permit_hira,safety_permit_hira_pkey,CREATE UNIQUE INDEX safety_permit_hira_pkey ON public.safety_permit_hira USING btree (id)
safety_permit_loto_steps,safety_permit_loto_steps_permit_id_step_no_key,"CREATE UNIQUE INDEX safety_permit_loto_steps_permit_id_step_no_key ON public.safety_permit_loto_steps USING btree (permit_id, step_no)"
safety_permit_loto_steps,safety_permit_loto_steps_pkey,CREATE UNIQUE INDEX safety_permit_loto_steps_pkey ON public.safety_permit_loto_steps USING btree (id)
safety_permit_type_config,safety_permit_type_config_permit_type_level_key,"CREATE UNIQUE INDEX safety_permit_type_config_permit_type_level_key ON public.safety_permit_type_config USING btree (permit_type, level)"
safety_permit_type_config,safety_permit_type_config_pkey,CREATE UNIQUE INDEX safety_permit_type_config_pkey ON public.safety_permit_type_config USING btree (id)
safety_permits,idx_safety_permits_bu,CREATE INDEX idx_safety_permits_bu ON public.safety_permits USING btree (business_unit_id)
safety_permits,idx_safety_permits_end_at,CREATE INDEX idx_safety_permits_end_at ON public.safety_permits USING btree (end_at) WHERE (status = 'active'::safety_permit_status)
safety_permits,idx_safety_permits_requester,CREATE INDEX idx_safety_permits_requester ON public.safety_permits USING btree (requested_by)
safety_permits,idx_safety_permits_status,CREATE INDEX idx_safety_permits_status ON public.safety_permits USING btree (status)
safety_permits,safety_permits_permit_number_key,CREATE UNIQUE INDEX safety_permits_permit_number_key ON public.safety_permits USING btree (permit_number)
safety_permits,safety_permits_pkey,CREATE UNIQUE INDEX safety_permits_pkey ON public.safety_permits USING btree (id)
safety_role_permissions,safety_role_permissions_pkey,"CREATE UNIQUE INDEX safety_role_permissions_pkey ON public.safety_role_permissions USING btree (role, permission_key)"
safety_settings,safety_settings_pkey,CREATE UNIQUE INDEX safety_settings_pkey ON public.safety_settings USING btree (key)
safety_severity_sla,safety_severity_sla_pkey,CREATE UNIQUE INDEX safety_severity_sla_pkey ON public.safety_severity_sla USING btree (severity)
safety_sla_escalations,safety_sla_escalations_incident_id_level_key,"CREATE UNIQUE INDEX safety_sla_escalations_incident_id_level_key ON public.safety_sla_escalations USING btree (incident_id, level)"
safety_sla_escalations,safety_sla_escalations_pkey,CREATE UNIQUE INDEX safety_sla_escalations_pkey ON public.safety_sla_escalations USING btree (id)
safety_user_permission_overrides,safety_user_permission_overrides_pkey,"CREATE UNIQUE INDEX safety_user_permission_overrides_pkey ON public.safety_user_permission_overrides USING btree (user_id, permission_key)"
safety_user_roles,safety_user_roles_pkey,CREATE UNIQUE INDEX safety_user_roles_pkey ON public.safety_user_roles USING btree (id)
safety_user_roles,safety_user_roles_role_idx,CREATE INDEX safety_user_roles_role_idx ON public.safety_user_roles USING btree (role)
safety_user_roles,safety_user_roles_uniq,"CREATE UNIQUE INDEX safety_user_roles_uniq ON public.safety_user_roles USING btree (user_id, role, COALESCE(business_unit_id, '00000000-0000-0000-0000-000000000000'::uuid), COALESCE(department_id, '00000000-0000-0000-0000-000000000000'::uuid))"
safety_user_roles,safety_user_roles_user_idx,CREATE INDEX safety_user_roles_user_idx ON public.safety_user_roles USING btree (user_id)
sensitive_fields,sensitive_fields_classification_idx,CREATE INDEX sensitive_fields_classification_idx ON public.sensitive_fields USING btree (classification_key)
sensitive_fields,sensitive_fields_module_idx,CREATE INDEX sensitive_fields_module_idx ON public.sensitive_fields USING btree (module_key)
sensitive_fields,sensitive_fields_pkey,CREATE UNIQUE INDEX sensitive_fields_pkey ON public.sensitive_fields USING btree (id)
sensitive_fields,sensitive_fields_unique_key,"CREATE UNIQUE INDEX sensitive_fields_unique_key ON public.sensitive_fields USING btree (module_key, table_name, column_name)"
skill_competencies,idx_skill_competencies_employee_id,CREATE INDEX idx_skill_competencies_employee_id ON public.skill_competencies USING btree (employee_id)
skill_competencies,skill_competencies_pkey,CREATE UNIQUE INDEX skill_competencies_pkey ON public.skill_competencies USING btree (id)
sub_branches,sub_branches_code_key,CREATE UNIQUE INDEX sub_branches_code_key ON public.sub_branches USING btree (code)
sub_branches,sub_branches_pkey,CREATE UNIQUE INDEX sub_branches_pkey ON public.sub_branches USING btree (id)
sub_period_submissions,idx_sub_period_auditor_value,"CREATE INDEX idx_sub_period_auditor_value ON public.sub_period_submissions USING btree (kpi_id, auditor_achieved_value) WHERE (auditor_achieved_value IS NOT NULL)"
sub_period_submissions,idx_sub_period_management_value,"CREATE INDEX idx_sub_period_management_value ON public.sub_period_submissions USING btree (kpi_id, management_achieved_value) WHERE (management_achieved_value IS NOT NULL)"
sub_period_submissions,idx_sub_period_manager_value,"CREATE INDEX idx_sub_period_manager_value ON public.sub_period_submissions USING btree (kpi_id, manager_achieved_value) WHERE (manager_achieved_value IS NOT NULL)"
sub_period_submissions,idx_sub_period_submissions_kpi_period,"CREATE INDEX idx_sub_period_submissions_kpi_period ON public.sub_period_submissions USING btree (kpi_id, review_month, review_year)"
sub_period_submissions,idx_sub_period_submissions_submitted_by,CREATE INDEX idx_sub_period_submissions_submitted_by ON public.sub_period_submissions USING btree (submitted_by)
sub_period_submissions,sub_period_submissions_kpi_id_sub_period_type_sub_period_va_key,"CREATE UNIQUE INDEX sub_period_submissions_kpi_id_sub_period_type_sub_period_va_key ON public.sub_period_submissions USING btree (kpi_id, sub_period_type, sub_period_value, review_month, review_year)"
sub_period_submissions,sub_period_submissions_pkey,CREATE UNIQUE INDEX sub_period_submissions_pkey ON public.sub_period_submissions USING btree (id)
system_audit_logs,idx_system_audit_logs_action,CREATE INDEX idx_system_audit_logs_action ON public.system_audit_logs USING btree (action)
system_audit_logs,idx_system_audit_logs_created_at,CREATE INDEX idx_system_audit_logs_created_at ON public.system_audit_logs USING btree (created_at DESC)
system_audit_logs,system_audit_logs_pkey,CREATE UNIQUE INDEX system_audit_logs_pkey ON public.system_audit_logs USING btree (id)
system_settings,system_settings_pkey,CREATE UNIQUE INDEX system_settings_pkey ON public.system_settings USING btree (id)
system_settings,system_settings_setting_key_key,CREATE UNIQUE INDEX system_settings_setting_key_key ON public.system_settings USING btree (setting_key)
template_bundle_items,idx_template_bundle_items_bundle_id,CREATE INDEX idx_template_bundle_items_bundle_id ON public.template_bundle_items USING btree (bundle_id)
template_bundle_items,template_bundle_items_bundle_id_template_id_key,"CREATE UNIQUE INDEX template_bundle_items_bundle_id_template_id_key ON public.template_bundle_items USING btree (bundle_id, template_id)"
template_bundle_items,template_bundle_items_pkey,CREATE UNIQUE INDEX template_bundle_items_pkey ON public.template_bundle_items USING btree (id)
template_bundles,idx_template_bundles_created_by,CREATE INDEX idx_template_bundles_created_by ON public.template_bundles USING btree (created_by)
template_bundles,idx_template_bundles_department_id,CREATE INDEX idx_template_bundles_department_id ON public.template_bundles USING btree (department_id)
template_bundles,template_bundles_pkey,CREATE UNIQUE INDEX template_bundles_pkey ON public.template_bundles USING btree (id)
template_change_logs,template_change_logs_pkey,CREATE UNIQUE INDEX template_change_logs_pkey ON public.template_change_logs USING btree (id)
training_needs,idx_training_needs_employee,CREATE INDEX idx_training_needs_employee ON public.training_needs USING btree (employee_id)
training_needs,idx_training_needs_period,"CREATE INDEX idx_training_needs_period ON public.training_needs USING btree (review_period, review_year)"
training_needs,idx_training_needs_priority,CREATE INDEX idx_training_needs_priority ON public.training_needs USING btree (priority)
training_needs,idx_training_needs_status,CREATE INDEX idx_training_needs_status ON public.training_needs USING btree (status)
training_needs,training_needs_pkey,CREATE UNIQUE INDEX training_needs_pkey ON public.training_needs USING btree (id)
user_roles,user_roles_pkey,CREATE UNIQUE INDEX user_roles_pkey ON public.user_roles USING btree (id)
user_roles,user_roles_user_id_role_key,"CREATE UNIQUE INDEX user_roles_user_id_role_key ON public.user_roles USING btree (user_id, role)"
vessel_monthly_entries,vessel_monthly_entries_pkey,CREATE UNIQUE INDEX vessel_monthly_entries_pkey ON public.vessel_monthly_entries USING btree (id)
vessel_monthly_entries,vessel_monthly_entries_program_id_employee_id_month_year_key,"CREATE UNIQUE INDEX vessel_monthly_entries_program_id_employee_id_month_year_key ON public.vessel_monthly_entries USING btree (program_id, employee_id, month, year)"
workflow_config,idx_workflow_config_created_by,CREATE INDEX idx_workflow_config_created_by ON public.workflow_config USING btree (created_by)
workflow_config,workflow_config_global_unique,"CREATE UNIQUE INDEX workflow_config_global_unique ON public.workflow_config USING btree (config_type, config_value) WHERE (review_period IS NULL)"
workflow_config,workflow_config_period_unique,"CREATE UNIQUE INDEX workflow_config_period_unique ON public.workflow_config USING btree (config_type, config_value, review_period, review_year) WHERE (review_period IS NOT NULL)"
workflow_config,workflow_config_pkey,CREATE UNIQUE INDEX workflow_config_pkey ON public.workflow_config USING btree (id)
workflow_config_migration_log,idx_wcm_log_run_id,CREATE INDEX idx_wcm_log_run_id ON public.workflow_config_migration_log USING btree (run_id)
workflow_config_migration_log,idx_wcm_log_source,CREATE INDEX idx_wcm_log_source ON public.workflow_config_migration_log USING btree (source_config_id)
workflow_config_migration_log,workflow_config_migration_log_pkey,CREATE UNIQUE INDEX workflow_config_migration_log_pkey ON public.workflow_config_migration_log USING btree (id)
workflow_final_score_rules,idx_wfsr_lookup,"CREATE INDEX idx_wfsr_lookup ON public.workflow_final_score_rules USING btree (workflow_template_id, scope_type, scope_value) WHERE (is_active = true)"
workflow_final_score_rules,uq_wfsr_scope,"CREATE UNIQUE INDEX uq_wfsr_scope ON public.workflow_final_score_rules USING btree (workflow_template_id, scope_type, COALESCE(scope_value, ''::text), COALESCE(review_period, ''::text), COALESCE(review_year, 0)) WHERE (is_active = true)"
workflow_final_score_rules,workflow_final_score_rules_pkey,CREATE UNIQUE INDEX workflow_final_score_rules_pkey ON public.workflow_final_score_rules USING btree (id)
workflow_settings,workflow_settings_pkey,CREATE UNIQUE INDEX workflow_settings_pkey ON public.workflow_settings USING btree (id)
workflow_settings,workflow_settings_setting_key_key,CREATE UNIQUE INDEX workflow_settings_setting_key_key ON public.workflow_settings USING btree (setting_key)
workflow_templates,workflow_templates_name_key,CREATE UNIQUE INDEX workflow_templates_name_key ON public.workflow_templates USING btree (name)
workflow_templates,workflow_templates_pkey,CREATE UNIQUE INDEX workflow_templates_pkey ON public.workflow_templates USING btree (id)
